Date,ETH Price,BTC Price
09/08/2015,0.909046,261.75225
10/08/2015,0.692321,265.0825
11/08/2015,0.668067,264.87516
12/08/2015,0.850151,270.22325
13/08/2015,1.266023,264.14299
14/08/2015,1.95146,262.01758
15/08/2015,1.591219,265.3955
16/08/2015,1.693707,261.20058
17/08/2015,1.423244,258.0065
18/08/2015,1.199595,256.44841
19/08/2015,1.182837,230.38424
20/08/2015,1.279549,232.06483
21/08/2015,1.447462,234.56375
22/08/2015,1.36656,233.03691
23/08/2015,1.320872,231.21275
24/08/2015,1.374641,227.23233
25/08/2015,1.209496,203.18133
26/08/2015,1.054577,219.81583
27/08/2015,1.182596,224.53608
28/08/2015,1.15499,224.18875
29/08/2015,1.18735,230.93575
30/08/2015,1.129976,230.58541
31/08/2015,1.254864,227.18083
01/09/2015,1.334005,229.02966
02/09/2015,1.327498,226.28841
03/09/2015,1.293887,228.35299
04/09/2015,1.277428,227.14741
05/09/2015,1.272847,229.66691
06/09/2015,1.350303,240.70116
07/09/2015,1.283866,239.88
08/09/2015,1.273887,242.01891
09/09/2015,1.22715,244.31383
10/09/2015,1.21412,237.99466
11/09/2015,1.133807,240.56366
12/09/2015,0.99657,239.81675
13/09/2015,1.057922,235.053
14/09/2015,0.943382,229.15808
15/09/2015,0.895974,230.51091
16/09/2015,0.953877,230.98066
17/09/2015,0.908822,229.58975
18/09/2015,0.8584,233.2385
19/09/2015,0.852294,232.50008
20/09/2015,0.876125,231.33733
21/09/2015,0.9786,230.75433
22/09/2015,0.903632,227.79358
23/09/2015,0.902332,231.30983
24/09/2015,0.882362,231.09508
25/09/2015,0.823158,233.74475
26/09/2015,0.71822,234.92466
27/09/2015,0.786708,234.32908
28/09/2015,0.673928,237.21116
29/09/2015,0.587136,238.56625
30/09/2015,0.663342,238.06125
01/10/2015,0.74342,237.15191
02/10/2015,0.683352,238.06358
03/10/2015,0.673569,237.63516
04/10/2015,0.704391,238.99883
05/10/2015,0.674765,238.82433
06/10/2015,0.611915,240.63075
07/10/2015,0.627348,246.49633
08/10/2015,0.597617,244.49816
09/10/2015,0.647476,243.25675
10/10/2015,0.639178,244.96533
11/10/2015,0.622336,245.07
12/10/2015,0.630986,247.65041
13/10/2015,0.615958,244.57641
14/10/2015,0.580101,249.45908
15/10/2015,0.520789,254.64216
16/10/2015,0.55132,255.72741
17/10/2015,0.523356,267.53983
18/10/2015,0.549124,270.04041
19/10/2015,0.518259,264.98625
20/10/2015,0.490581,264.92575
21/10/2015,0.490282,270.49541
22/10/2015,0.428394,267.46908
23/10/2015,0.561577,274.25325
24/10/2015,0.543105,279.97908
25/10/2015,0.555001,286.86941
26/10/2015,0.626306,284.286
27/10/2015,0.810927,287.83091
28/10/2015,0.847653,300.53566
29/10/2015,0.96149,304.32691
30/10/2015,1.25408,326.55691
31/10/2015,0.9483,327.58425
01/11/2015,0.913563,311.70274
02/11/2015,1.068958,325.64666
03/11/2015,0.964695,369.51133
04/11/2015,1.018074,432.46133
05/11/2015,0.926706,434.31683
06/11/2015,0.878713,359.586
07/11/2015,0.916739,377.64099
08/11/2015,0.933398,387.775
09/11/2015,1.080845,370.652
10/11/2015,0.989914,376.948
11/11/2015,0.854742,311.702
12/11/2015,0.784963,320.036
13/11/2015,0.898162,337.893
14/11/2015,0.904045,334.125
15/11/2015,0.89712,333.951
16/11/2015,0.938097,320.06
17/11/2015,0.917747,337.759
18/11/2015,0.970144,333.33299
19/11/2015,0.991469,334.02499
20/11/2015,0.93856,315.63099
21/11/2015,0.934916,321.482
22/11/2015,0.976503,326.365
23/11/2015,0.987436,322.606
24/11/2015,0.943054,320.993
25/11/2015,0.894563,318.337
26/11/2015,0.85455,332.471
27/11/2015,0.895359,349.138
28/11/2015,0.889247,354.954
29/11/2015,0.919118,356.806
30/11/2015,0.862868,375.204
01/12/2015,0.864777,377.798
02/12/2015,0.84846,352.128
03/12/2015,0.818644,366.788
04/12/2015,0.831416,358.443
05/12/2015,0.834368,369.956
06/12/2015,0.862831,394.861
07/12/2015,0.840918,391.618
08/12/2015,0.793856,395.59299
09/12/2015,0.802668,421.424
10/12/2015,0.7904,415.076
11/12/2015,0.831718,421.813
12/12/2015,0.957485,467.831
13/12/2015,0.970127,435.091
14/12/2015,0.983037,437.021
15/12/2015,0.992982,453.676
16/12/2015,0.976204,445.805
17/12/2015,0.980235,451.102
18/12/2015,0.909203,456.425
19/12/2015,0.902221,464.218
20/12/2015,0.906143,460.238
21/12/2015,0.909542,435.64099
22/12/2015,0.891691,438.276
23/12/2015,0.860184,437.994
24/12/2015,0.85239,456.572
25/12/2015,0.859723,455.743
26/12/2015,0.85956,447.606
27/12/2015,0.872795,419.338
28/12/2015,0.87006,427.817
29/12/2015,0.845619,422.741
30/12/2015,0.875728,431.029
31/12/2015,0.959113,424.962
01/01/2016,0.939963,432.358
02/01/2016,0.954338,433.773
03/01/2016,0.946475,431.985
04/01/2016,0.964273,431.691
05/01/2016,0.9592,433.732
06/01/2016,0.945187,427.164
07/01/2016,0.954133,441.021
08/01/2016,0.971532,457.168
09/01/2016,0.973215,452.368
10/01/2016,0.976544,445.327
11/01/2016,1.054485,450.312
12/01/2016,1.066742,446.614
13/01/2016,1.123385,431.156
14/01/2016,1.137388,431.41
15/01/2016,1.214603,416.29
16/01/2016,1.218812,372.737
17/01/2016,1.22759,383.138
18/01/2016,1.404201,380.817
19/01/2016,1.414796,382.738
20/01/2016,1.381008,378.775
21/01/2016,1.570498,417.439
22/01/2016,1.507437,403.271
23/01/2016,1.629212,388.219
24/01/2016,2.198391,388.538
25/01/2016,2.191263,397.885
26/01/2016,2.671689,390.715
27/01/2016,2.463335,392.389
28/01/2016,2.363919,381.356
29/01/2016,2.54387,369.133
30/01/2016,2.540141,376.952
31/01/2016,2.476824,378.174
01/02/2016,2.19333,372.157
02/02/2016,2.144291,372.453
03/02/2016,2.35222,372.762
04/02/2016,2.449304,370.433
05/02/2016,2.54249,386.954
06/02/2016,2.524713,377.889
07/02/2016,2.568608,376.44
08/02/2016,2.965984,376.924
09/02/2016,3.171354,372.434
10/02/2016,4.274951,374.764
11/02/2016,4.471621,379.186
12/02/2016,6.552829,378.576
13/02/2016,5.329095,388.87
14/02/2016,4.767885,397.23
15/02/2016,5.741672,405.621
16/02/2016,5.323951,401.663
17/02/2016,4.399924,407.017
18/02/2016,3.635079,417.492
19/02/2016,4.73599,421.956
20/02/2016,4.471239,422.054
21/02/2016,4.243621,439.61
22/02/2016,5.100212,436.14
23/02/2016,5.772068,438.745
24/02/2016,5.544,419.896
25/02/2016,6.141016,422.617
26/02/2016,5.893572,421.244
27/02/2016,6.026489,433.401
28/02/2016,6.343376,425.502
29/02/2016,6.558609,438.28
01/03/2016,6.414685,436.426
02/03/2016,7.552274,434.001
03/03/2016,8.512542,419.254
04/03/2016,8.569114,421.597
05/03/2016,10.161934,407.722
06/03/2016,11.30321,397.883
07/03/2016,10.786501,407.276
08/03/2016,8.773093,414.213
09/03/2016,10.288869,410.739
10/03/2016,12.111201,411.672
11/03/2016,10.831474,416.708
12/03/2016,12.772452,415.04
13/03/2016,14.080665,411.637
14/03/2016,12.828765,414.208
15/03/2016,12.03913,416.034
16/03/2016,13.150548,414.167
17/03/2016,12.405536,417.138
18/03/2016,11.021445,417.154
19/03/2016,10.611342,407.473
20/03/2016,10.694646,409.24
21/03/2016,10.68432,407.496
22/03/2016,11.548473,415.125
23/03/2016,11.535684,417.318
24/03/2016,11.88883,415.837
25/03/2016,10.717539,414.75699
26/03/2016,10.95367,416.851
27/03/2016,10.798301,416.233
28/03/2016,11.298643,424.297
29/03/2016,11.361113,423.597
30/03/2016,11.620024,414.613
31/03/2016,11.906417,414.458
01/04/2016,11.657835,416.012
02/04/2016,11.465972,418.785
03/04/2016,11.537668,418.93999
04/04/2016,11.638093,418.593
05/04/2016,10.865302,422.044
06/04/2016,10.45508,422.29499
07/04/2016,10.660057,420.553
08/04/2016,10.264577,421.616
09/04/2016,9.960003,415.751
10/04/2016,9.03829,418.078
11/04/2016,8.809607,421.192
12/04/2016,8.088833,426.383
13/04/2016,7.098819,426.84399
14/04/2016,8.365123,425.494
15/04/2016,8.35775,426.279
16/04/2016,8.246231,429.775
17/04/2016,9.132143,430.453
18/04/2016,9.279722,429.318
19/04/2016,9.096884,428.522
20/04/2016,8.596728,435.926
21/04/2016,8.483955,443.758
22/04/2016,8.262633,446.776
23/04/2016,7.88495,447.233
24/04/2016,8.475849,455.152
25/04/2016,8.061256,458.626
26/04/2016,7.46844,464.429
27/04/2016,7.444989,466.064
28/04/2016,7.54001,441.304
29/04/2016,7.462268,446.236
30/04/2016,7.646307,454.375
01/05/2016,8.684684,449.108
02/05/2016,9.069084,453.067
03/05/2016,9.818807,443.681
04/05/2016,9.48813,449.157
05/05/2016,9.4005,447.73999
06/05/2016,9.920161,447.58599
07/05/2016,9.320362,458.864
08/05/2016,9.248766,459.937
09/05/2016,9.398316,458.708
10/05/2016,9.409434,460.954
11/05/2016,9.482134,454.39399
12/05/2016,9.872727,451.155
13/05/2016,10.386921,453.701
14/05/2016,10.283427,456.039
15/05/2016,10.418331,456.093
16/05/2016,10.221577,457.64099
17/05/2016,11.300386,454.278
18/05/2016,12.671507,454.064
19/05/2016,13.309152,453.494
20/05/2016,14.566127,440.231
21/05/2016,13.095667,442.953
22/05/2016,13.721357,442.892
23/05/2016,14.153041,440.551
24/05/2016,13.415642,444.489
25/05/2016,12.531584,447.035
26/05/2016,12.8516,448.278
27/05/2016,11.297005,467.262
28/05/2016,10.602814,489.847
29/05/2016,11.973384,516.051
30/05/2016,12.302019,529.917
31/05/2016,12.696851,537.23299
01/06/2016,13.89002,528.04999
02/06/2016,13.630606,538.568
03/06/2016,13.826359,537.185
04/06/2016,13.619672,571.139
05/06/2016,13.637499,579.343
06/06/2016,13.753011,578.84899
07/06/2016,13.943334,585.399
08/06/2016,14.655687,576.226
09/06/2016,14.466797,580.43599
10/06/2016,14.200965,574.953
11/06/2016,13.8645,583.87
12/06/2016,14.301974,633.205
13/06/2016,15.441725,682.226
14/06/2016,17.99626,695.155
15/06/2016,18.396721,685.442
16/06/2016,18.661962,732.357
17/06/2016,21.2794,773.25
18/06/2016,14.262145,736.386
19/06/2016,12.721143,747.831
20/06/2016,12.250261,758.903
21/06/2016,11.174118,702.696
22/06/2016,14.95764,657.013
23/06/2016,13.107161,581.249
24/06/2016,13.665296,657.08999
25/06/2016,14.569529,687.168
26/06/2016,14.209372,657.22399
27/06/2016,13.931138,644.091
28/06/2016,13.886,655.94399
29/06/2016,11.915406,634.357
30/06/2016,12.494312,635.093
01/07/2016,12.374262,683.293
02/07/2016,12.179126,678.567
03/07/2016,12.086667,690.179
04/07/2016,11.78207,670.741
05/07/2016,11.359705,679.351
06/07/2016,10.326753,676.872
07/07/2016,10.13188,671.814
08/07/2016,10.048061,640.476
09/07/2016,10.901109,654.85299
10/07/2016,10.823896,649.356
11/07/2016,11.047635,656.747
12/07/2016,10.457758,648.136
13/07/2016,10.515661,663.443
14/07/2016,10.881305,654.018
15/07/2016,11.885718,663.638
16/07/2016,11.951451,666.56499
17/07/2016,11.561825,665.113
18/07/2016,11.411313,681.239
19/07/2016,11.139944,673.832
20/07/2016,11.735039,673.008
21/07/2016,12.376475,662.034
22/07/2016,12.553567,666.747
23/07/2016,14.502578,654.725
24/07/2016,14.190763,654.895
25/07/2016,13.385314,660.284
26/07/2016,13.618806,655.418
27/07/2016,12.393433,650.82899
28/07/2016,12.844266,656.91599
29/07/2016,12.73773,655.427
30/07/2016,12.733222,656.681
31/07/2016,12.377607,635.588
01/08/2016,11.78049,621.37299
02/08/2016,10.646814,601.227
03/08/2016,9.429077,555.926
04/08/2016,10.563403,578.52374
05/08/2016,10.900653,570.33875
06/08/2016,10.793019,574.87375
07/08/2016,10.904812,588.51625
08/08/2016,11.134518,589.66125
09/08/2016,11.367989,586.715
10/08/2016,12.579432,585.23875
11/08/2016,12.098701,594.81625
12/08/2016,11.651671,581.9625
13/08/2016,11.759793,584.87375
14/08/2016,11.533494,581.65
15/08/2016,11.250161,571.9625
16/08/2016,11.082952,567.60749
17/08/2016,11.021117,575.54125
18/08/2016,10.836692,572.37249
19/08/2016,10.723738,573.01625
20/08/2016,10.974623,573.08
21/08/2016,11.117599,581.35375
22/08/2016,11.168643,579.6675
23/08/2016,11.244944,585.5075
24/08/2016,11.101393,577.98749
25/08/2016,11.11745,574.5825
26/08/2016,11.427117,575.0625
27/08/2016,11.191805,575.3425
28/08/2016,11.077814,568.78875
29/08/2016,10.836503,574.49749
30/08/2016,11.053865,571.94125
31/08/2016,11.218456,573.78125
01/09/2016,12.080199,572.96
02/09/2016,12.086755,570.1
03/09/2016,12.334285,572.52125
04/09/2016,11.722517,596.45375
05/09/2016,11.809063,606.0525
06/09/2016,11.685958,604.465
07/09/2016,11.705249,609.4325
08/09/2016,11.612994,613.67499
09/09/2016,11.567017,623.6
10/09/2016,11.76883,620.59875
11/09/2016,12.171771,622.03375
12/09/2016,11.779397,604.8275
13/09/2016,12.017102,607.03625
14/09/2016,12.034831,606.885
15/09/2016,12.137046,606.8975
16/09/2016,11.981109,605.52125
17/09/2016,12.523064,606.04625
18/09/2016,12.739668,605.08
19/09/2016,12.820767,609.37249
20/09/2016,13.433515,606.7175
21/09/2016,14.243642,595.93375
22/09/2016,13.41168,596.225
23/09/2016,13.143369,595.0175
24/09/2016,13.198914,602.4075
25/09/2016,13.069967,601.36875
26/09/2016,12.8951,598.9075
27/09/2016,12.95477,605.0175
28/09/2016,13.43472,602.885
29/09/2016,13.261939,603.58124
30/09/2016,13.042521,604.52125
01/10/2016,13.166937,610.58375
02/10/2016,13.164201,613.23749
03/10/2016,13.168065,611.88874
04/10/2016,13.456315,609.495
05/10/2016,13.278997,608.125
06/10/2016,13.095678,610.57
07/10/2016,12.947742,610.23375
08/10/2016,12.641213,617.445
09/10/2016,12.254665,614.59625
10/10/2016,11.951233,615.91625
11/10/2016,12.135368,618.3275
12/10/2016,11.74605,637.21624
13/10/2016,11.74605,637.73625
14/10/2016,11.74605,635.88375
15/10/2016,11.74605,638.975
16/10/2016,11.74605,638.605
17/10/2016,11.74605,636.635
18/10/2016,11.74605,637.01625
19/10/2016,11.74605,634.605
20/10/2016,11.74605,626.36875
21/10/2016,11.74605,629.61249
22/10/2016,11.74605,630.61875
23/10/2016,11.74605,650.895
24/10/2016,11.74605,647.69375
25/10/2016,11.7933,652.235
26/10/2016,11.519947,657.05625
27/10/2016,11.449855,684.3775
28/10/2016,11.545675,684.2975
29/10/2016,11.173315,700.135
30/10/2016,10.53241,704.91
31/10/2016,11.436444,693.89625
01/11/2016,10.675513,708.955
02/11/2016,10.945551,725.6925
03/11/2016,10.842992,741.84875
04/11/2016,10.961917,701.21875
05/11/2016,11.017137,702.175
06/11/2016,11.16351,705.47875
07/11/2016,10.967567,705.47125
08/11/2016,10.954777,706.13375
09/11/2016,10.461869,728.36125
10/11/2016,10.667821,719.2525
11/11/2016,10.435038,714.57125
12/11/2016,10.137763,715.7725
13/11/2016,10.118149,694.72125
14/11/2016,10.190739,704.62125
15/11/2016,9.899728,711.39625
16/11/2016,10.286643,710.9275
17/11/2016,10.043273,745.92625
18/11/2016,9.966889,738.665
19/11/2016,9.660631,748.8075
20/11/2016,9.629214,752.5525
21/11/2016,9.60881,730.365
22/11/2016,9.868597,734.84
23/11/2016,9.776321,745.97875
24/11/2016,9.729471,739.81875
25/11/2016,9.28811,730.3125
26/11/2016,9.341233,737.4025
27/11/2016,9.224529,727.445
28/11/2016,8.826192,731.9
29/11/2016,8.453786,731.12625
30/11/2016,8.263665,731.64
01/12/2016,8.527776,744.1025
02/12/2016,8.171604,766.5925
03/12/2016,7.970143,769.915
04/12/2016,7.817933,764.3575
05/12/2016,7.529515,760.1
06/12/2016,6.717527,754.82625
07/12/2016,7.531045,758.35375
08/12/2016,8.473844,763.23625
09/12/2016,8.20362,766.8725
10/12/2016,8.458332,773.2825
11/12/2016,8.119684,765.9525
12/12/2016,8.182465,769.8275
13/12/2016,8.42452,774.38625
14/12/2016,8.394537,778.35625
15/12/2016,8.195936,776.9825
16/12/2016,7.836525,776.415
17/12/2016,7.709642,786.9725
18/12/2016,7.813304,789.24625
19/12/2016,7.735086,791
20/12/2016,7.601047,789.2325
21/12/2016,7.675313,805.79625
22/12/2016,7.569866,842.63875
23/12/2016,7.601819,910.9325
24/12/2016,7.221961,910.2475
25/12/2016,7.256569,870.13125
26/12/2016,7.260191,905.45625
27/12/2016,7.303933,900.36625
28/12/2016,7.235181,948.89875
29/12/2016,8.111114,971.645
30/12/2016,8.36334,954.84375
31/12/2016,8.013868,952.455
01/01/2017,8.437012,964.325
02/01/2017,8.212046,1009.97375
03/01/2017,8.332855,1028.33375
04/01/2017,10.435576,1047.09999
05/01/2017,11.445979,1140.385
06/01/2017,9.956588,985.93875
07/01/2017,9.737254,837.83625
08/01/2017,10.001896,923.52375
09/01/2017,10.266545,889.33875
10/01/2017,10.485289,905.22625
11/01/2017,10.696117,910.60625
12/01/2017,9.401194,772.66125
13/01/2017,9.487749,784.89375
14/01/2017,9.598883,820.68875
15/01/2017,9.702505,821.19625
16/01/2017,9.663497,830.74
17/01/2017,9.786222,848.58125
18/01/2017,10.333692,890.29375
19/01/2017,10.225847,888.0625
20/01/2017,10.500874,896.16375
21/01/2017,10.66865,920.58875
22/01/2017,10.9639,934.7775
23/01/2017,10.684885,920.365
24/01/2017,10.699035,912.2125
25/01/2017,10.524163,898.55
26/01/2017,10.505382,901.05
27/01/2017,10.455241,912.84375
28/01/2017,10.483953,919.795
29/01/2017,10.519501,920.82875
30/01/2017,10.40558,916.91125
31/01/2017,10.510549,921.35125
01/02/2017,10.710514,973.065
02/02/2017,10.49782,982.8275
03/02/2017,10.663947,1020.09
04/02/2017,11.240959,1011.215
05/02/2017,11.27786,1029.40124
06/02/2017,11.217052,1019.3125
07/02/2017,11.331469,1029.40875
08/02/2017,11.505409,1067.70875
09/02/2017,11.403079,1072.205
10/02/2017,10.905312,974.95875
11/02/2017,11.21991,997.2275
12/02/2017,11.299272,1004.71375
13/02/2017,11.280685,1004.85375
14/02/2017,11.894969,994.58
15/02/2017,12.681755,1003.59
16/02/2017,12.70062,1018.41125
17/02/2017,12.784189,1038.86625
18/02/2017,12.909267,1058.315
19/02/2017,12.886819,1052.84375
20/02/2017,12.830235,1046.66249
21/02/2017,12.562646,1079.5825
22/02/2017,12.782024,1112.86375
23/02/2017,12.71811,1122.515
24/02/2017,13.098521,1193.501
25/02/2017,13.194061,1182.429
26/02/2017,13.573991,1139.848
27/02/2017,14.706219,1189.366
28/02/2017,15.863437,1189.94699
01/03/2017,15.76128,1193.611
02/03/2017,17.289049,1221.05
03/03/2017,20.235485,1269.776
04/03/2017,19.911787,1285.376
05/03/2017,18.920662,1260.668
06/03/2017,19.109602,1273.24699
07/03/2017,19.342467,1280.30499
08/03/2017,18.002569,1206.357
09/03/2017,16.932387,1153.06
10/03/2017,18.03119,1200.557
11/03/2017,18.952377,1147.625
12/03/2017,21.648475,1186.351
13/03/2017,24.637882,1235.553
14/03/2017,28.039033,1242.806
15/03/2017,28.521178,1245.892
16/03/2017,39.544387,1247.67099
17/03/2017,47.540183,1126.08199
18/03/2017,43.563357,1062.07
19/03/2017,37.976973,1000.24599
20/03/2017,42.356981,1036.226
21/03/2017,43.451302,1065.481
22/03/2017,42.450104,1091.333
23/03/2017,41.088518,1036.099
24/03/2017,42.984147,1013.844
25/03/2017,50.379989,921.808
26/03/2017,50.365804,962.508
27/03/2017,51.413317,968.293
28/03/2017,49.081083,1035.32199
29/03/2017,52.407958,1011.969
30/03/2017,52.695111,1041.374
31/03/2017,49.745082,1048.86299
01/04/2017,49.781778,1077.557
02/04/2017,50.422021,1082.37
03/04/2017,44.27212,1140.037
04/04/2017,43.743146,1148.092
05/04/2017,45.50185,1139.86
06/04/2017,44.820806,1150.685
07/04/2017,44.30351,1177.284
08/04/2017,44.339554,1196.896
09/04/2017,44.005367,1187.03299
10/04/2017,44.090094,1213.801
11/04/2017,44.376748,1206.74
12/04/2017,44.060944,1226.896
13/04/2017,49.137396,1216.269
14/04/2017,49.104656,1187.136
15/04/2017,48.229629,1186.10899
16/04/2017,49.721216,1189.55
17/04/2017,49.213228,1184.2
18/04/2017,50.192121,1211.73799
19/04/2017,52.337063,1218.666
20/04/2017,49.91781,1227.981
21/04/2017,51.986983,1261.702
22/04/2017,51.278525,1255.25125
23/04/2017,52.635354,1232.7575
24/04/2017,53.604876,1243.43
25/04/2017,53.330552,1251.5775
26/04/2017,53.917308,1269.69625
27/04/2017,57.55117,1289.7475
28/04/2017,69.292865,1335.825
29/04/2017,74.292294,1319.7
30/04/2017,75.037031,1311.58874
01/05/2017,86.099496,1370.79
02/05/2017,84.480807,1416.61
03/05/2017,82.511277,1448.88625
04/05/2017,86.292093,1506.7725
05/05/2017,99.979653,1543.31
06/05/2017,94.44738,1536.1525
07/05/2017,95.440527,1554.6025
08/05/2017,92.249991,1564.065
09/05/2017,87.142343,1644.72875
10/05/2017,89.864235,1695.83125
11/05/2017,88.322378,1748.35375
12/05/2017,90.112081,1774.52
13/05/2017,86.622737,1634.6075
14/05/2017,90.033173,1774.805
15/05/2017,90.694035,1747.04375
16/05/2017,92.590657,1665.0325
17/05/2017,89.577718,1744.44125
18/05/2017,91.339332,1796.89625
19/05/2017,108.274908,1913.13875
20/05/2017,127.267172,1983.97875
21/05/2017,124.900392,2074.69625
22/05/2017,148.333874,2114.98875
23/05/2017,159.999428,2196.66874
24/05/2017,175.471684,2348.55249
25/05/2017,187.826425,2581.85375
26/05/2017,176.35396,2460.95375
27/05/2017,144.838435,2232.2875
28/05/2017,164.135585,2234.83374
29/05/2017,158.999202,2195.785
30/05/2017,196.869683,2315.73625
31/05/2017,216.577291,2170.98124
01/06/2017,221.219432,2402.125
02/06/2017,219.461977,2477.1725
03/06/2017,216.890385,2475.2975
04/06/2017,224.549544,2526.31125
05/06/2017,241.675036,2605.125
06/06/2017,251.874861,2855.03
07/06/2017,261.79265,2900.8525
08/06/2017,250.930389,2737.9025
09/06/2017,258.637335,2826.03875
10/06/2017,284.500258,2846.00625
11/06/2017,336.070318,2910.33625
12/06/2017,343.417647,3007.0125
13/06/2017,373.624676,2697.0775
14/06/2017,382.221369,2780.1825
15/06/2017,332.25862,2518.54875
16/06/2017,325.530517,2438.61749
17/06/2017,340.834591,2520.78375
18/06/2017,371.631992,2680.1025
19/06/2017,358.41611,2611.67999
20/06/2017,364.690598,2667.5475
21/06/2017,348.365734,2805.0975
22/06/2017,312.417589,2702.00375
23/06/2017,324.634294,2763.29125
24/06/2017,324.955093,2740.5925
25/06/2017,295.433814,2598.15875
26/06/2017,283.581248,2630.59499
27/06/2017,253.886743,2513.42999
28/06/2017,272.763187,2556.1675
29/06/2017,311.237618,2591.2675
30/06/2017,288.277201,2547.3225
01/07/2017,265.081169,2479.05499
02/07/2017,246.574977,2424.69875
03/07/2017,272.3068,2513.74125
04/07/2017,279.09903,2640.06125
05/07/2017,267.070981,2588.67875
06/07/2017,264.97838,2634.17375
07/07/2017,261.923616,2598.57
08/07/2017,237.417595,2514.3625
09/07/2017,246.154278,2586.0425
10/07/2017,233.466663,2524.12624
11/07/2017,190.299095,2352.265
12/07/2017,185.848756,2292.91375
13/07/2017,223.207956,2437.55375
14/07/2017,197.906611,2337.67875
15/07/2017,186.126286,2109.37375
16/07/2017,168.194937,2045.5725
17/07/2017,165.270026,1986.9425
18/07/2017,180.626926,2189.23999
19/07/2017,224.075703,2354.8925
20/07/2017,211.168405,2349.355
21/07/2017,227.759647,2740.56875
22/07/2017,221.32264,2738.775
23/07/2017,231.845107,2831.67875
24/07/2017,227.009216,2772.3675
25/07/2017,223.985269,2768.8025
26/07/2017,198.355377,2540.20874
27/07/2017,201.962879,2570.195
28/07/2017,200.045871,2699.72125
29/07/2017,200.045871,2719.69
30/07/2017,202.356029,2714.70375
31/07/2017,194.967731,2718.6175
01/08/2017,209.020204,2867.65375
02/08/2017,226.21304,2739.70875
03/08/2017,218.789061,2740.07125
04/08/2017,225.307634,2811.71
05/08/2017,226.980461,3123.41125
06/08/2017,258.638867,3254.71
07/08/2017,266.935567,3274.6375
08/08/2017,272.195838,3474.7625
09/08/2017,315.197193,3416.185
10/08/2017,292.309764,3364.41125
11/08/2017,301.244641,3451.8525
12/08/2017,312.508364,3705.43
13/08/2017,299.769888,4104.015
14/08/2017,300.184169,4036.7575
15/08/2017,291.731738,4462.67625
16/08/2017,286.240462,4118.9025
17/08/2017,300.231413,4322.42125
18/08/2017,300.26119,4311.685
19/08/2017,300.26119,4180.23875
20/08/2017,300.26119,4139.38125
21/08/2017,300.26119,4110.94125
22/08/2017,321.648698,3911.27625
23/08/2017,323.718591,4162.79249
24/08/2017,324.079054,4178.75625
25/08/2017,329.219,4396.03125
26/08/2017,328.344,4359.9025
27/08/2017,333.282815,4381.39625
28/08/2017,345.424365,4340.46
29/08/2017,349.155544,4442.6575
30/08/2017,373.224,4664.64375
31/08/2017,380.711,4676.1425
01/09/2017,393.598029,4783.17
02/09/2017,380.195042,4864.285
03/09/2017,351.142,4672.56875
04/09/2017,340.967,4593.1825
05/09/2017,278.695779,4160.535
06/09/2017,325.847,4517.57
07/09/2017,327.608852,4543.1025
08/09/2017,330.423336,4628.6025
09/09/2017,298.551691,4280.975
10/09/2017,285.779,4194.21875
11/09/2017,307.004387,4307.82625
12/09/2017,303.14889,4295.76124
13/09/2017,275.953343,3944.58375
14/09/2017,269.499271,3817.0575
15/09/2017,234.476,3358.10875
16/09/2017,261.416097,3772.68375
17/09/2017,250.673679,3608.595
18/09/2017,275.071,3764.6175
19/09/2017,289.487554,3976.3875
20/09/2017,281.741,3863.18625
21/09/2017,280.857901,3827.685
22/09/2017,265.706093,3690.99125
23/09/2017,262.581067,3612.1625
24/09/2017,294.103129,3772.8475
25/09/2017,286.041,3753.435
26/09/2017,293.588732,3920.99125
27/09/2017,289.988,3939.515
28/09/2017,308.083549,4220.28
29/09/2017,280.586093,4062.20375
30/09/2017,295.748,4207.825
01/10/2017,299.745244,4300.55125
02/10/2017,300.724,4414.1775
03/10/2017,300.062,4424.4725
04/10/2017,292.847181,4307.555
05/10/2017,289.300806,4186.78374
06/10/2017,295.510772,4325.23625
07/10/2017,309.599509,4370.16875
08/10/2017,311.17,4446.17249
09/10/2017,305.448397,4624.34875
10/10/2017,297.253365,4789.30125
11/10/2017,301.203155,4741.70875
12/10/2017,307.345873,4858.60499
13/10/2017,301.993368,5728.5475
14/10/2017,340.097,5666.97875
15/10/2017,337.745026,5779.07375
16/10/2017,333.52,5607.01
17/10/2017,328.230574,5643.55375
18/10/2017,307.068,5495.03875
19/10/2017,312.490756,5627.08625
20/10/2017,307.136835,5686.52625
21/10/2017,301.047,6098.115
22/10/2017,303.938,5949.07875
23/10/2017,293.715,5969.795
24/10/2017,301.668,5649.005
25/10/2017,293.334,5550.85875
26/10/2017,298.362,5776.87875
27/10/2017,297.538,5923.70625
28/10/2017,295.573,5737.1025
29/10/2017,298.196,5741.7225
30/10/2017,307.502,6151.325
31/10/2017,308.991,6130.56375
01/11/2017,304.109,6424.515
02/11/2017,288.606,6879.365
03/11/2017,288.383,7199.2375
04/11/2017,297.047,7210.46875
05/11/2017,300.013,7376.7425
06/11/2017,293.717,7231.93
07/11/2017,300.794,7123.89375
08/11/2017,297.076,7356.50625
09/11/2017,311.094,7342.82375
10/11/2017,320.091,7250.77
11/11/2017,303.473,6773.695
12/11/2017,310.175,6075.30125
13/11/2017,313.839,5969.13
14/11/2017,320.717,6666.27125
15/11/2017,336.541,6867.42625
16/11/2017,329.881,7259.3
17/11/2017,331.429,7924.1825
18/11/2017,330.418,7598.2775
19/11/2017,348.659,7787.45625
20/11/2017,357.437,7954.7675
21/11/2017,353.267,7879.06
22/11/2017,363.873,8150.6325
23/11/2017,380.117,8208.75375
24/11/2017,412.698,8094.445
25/11/2017,468.032,8190.87125
26/11/2017,458.239,8851.305
27/11/2017,485.869,9573.9675
28/11/2017,481.476,9713.09625
29/11/2017,487.591,10295.6225
30/11/2017,461.168,10542.6625
01/12/2017,442.01,9706.10375
02/12/2017,462.452,10923.20125
03/12/2017,465.248,10973.54375
04/12/2017,468.909,11382.20875
05/12/2017,466.939,11597.23125
06/12/2017,451.526,12230.365
07/12/2017,438.609,13734.52
08/12/2017,430.981,16403.42125
09/12/2017,472.516,15732.1
10/12/2017,436.93,13152.52875
11/12/2017,460.265,16299.2975
12/12/2017,533.388,16374.8975
13/12/2017,613.891,16678.28749
14/12/2017,752.374,16246.13875
15/12/2017,667.289,17221.65125
16/12/2017,701.215,17436.5975
17/12/2017,725.283,19166.97874
18/12/2017,715.512,18640.2625
19/12/2017,826.545,18984.7675
20/12/2017,803.122,16862.57125
21/12/2017,869.818,16925.0175
22/12/2017,729.609,14182.46499
23/12/2017,729.407,14694.5825
24/12/2017,677.993,14103.21875
25/12/2017,750.11,13387.34875
26/12/2017,771.967,14652.3675
27/12/2017,783.7,15846.07375
28/12/2017,739.085,14362.40375
29/12/2017,754.482,14867.5725
30/12/2017,705.097,13643.695
31/12/2017,719.827,13062.145
01/01/2018,761.079,13439.4175
02/01/2018,865.012,13337.62125
03/01/2018,884.858,14881.545
04/01/2018,947.321,15104.45
05/01/2018,1038.38,14953.8525
06/01/2018,1012.87,16576.69625
07/01/2018,1086.05,16735.10625
08/01/2018,1261.41,15632.41125
09/01/2018,1219.73,15242.93625
10/01/2018,1405.21,14122.825
11/01/2018,1149.06,13269.5975
12/01/2018,1205.84,13633.36375
13/01/2018,1299.95,14165.90625
14/01/2018,1358.78,14217.3625
15/01/2018,1345.07,13519.92625
16/01/2018,1244.83,12915.11625
17/01/2018,987.103,10870.16875
18/01/2018,1004.16,11340.65
19/01/2018,1025.69,11137.36875
20/01/2018,1076.94,11742.94125
21/01/2018,1126.83,12486.06625
22/01/2018,1069.17,11508.62
23/01/2018,996.166,10872.9025
24/01/2018,970.868,10830.9275
25/01/2018,1088.43,11629.375
26/01/2018,1066.74,11524.345
27/01/2018,1057.04,11005.615
28/01/2018,1147.66,11452.23
29/01/2018,1222.23,11412.79375
30/01/2018,1160.35,10917.15125
31/01/2018,1066.72,9914.4725
01/02/2018,1143.47,9970.30875
02/02/2018,956.065,8715.59499
03/02/2018,881.151,8285.50124
04/02/2018,952.92,9192.045
05/02/2018,834.563,8136.39
06/02/2018,597.362,6332.37
07/02/2018,748.825,7270.5075
08/02/2018,819.749,7987.28125
09/02/2018,806.536,8086.7725
10/02/2018,899.807,8930.13875
11/02/2018,818.451,8045.44
12/02/2018,847.771,8478.92499
13/02/2018,852.951,8766.8525
14/02/2018,852.05,8693.2525
15/02/2018,937.988,9659.2875
16/02/2018,931.282,10110.83875
17/02/2018,966.12,10474.77125
18/02/2018,958.569,10855.9375
19/02/2018,933.128,10537.00625
20/02/2018,953.288,11416.03875
21/02/2018,884.42,10928.02
22/02/2018,860.26,10727.9525
23/02/2018,846.845,9809.72125
24/02/2018,875.513,10412.36875
25/02/2018,844.86,9585.285
26/02/2018,856.866,9627.71625
27/02/2018,876.038,10272.9025
28/02/2018,888.402,10903.01875
01/03/2018,860.857,10352.04625
02/03/2018,873.699,11100.2925
03/03/2018,864.679,11305.1225
04/03/2018,848.463,11171.8175
05/03/2018,868.916,11558.475
06/03/2018,847.965,11246.7475
07/03/2018,813.011,10735.88625
08/03/2018,744.534,9552.75875
09/03/2018,664.342,8980.19249
10/03/2018,738.324,9251.2925
11/03/2018,685.044,8680.6075
12/03/2018,716.613,9433.47374
13/03/2018,695.532,9047.5125
14/03/2018,701.269,9260.70875
15/03/2018,591.096,7895.98875
16/03/2018,600.368,8039.6025
17/03/2018,597.817,8206.555
18/03/2018,521.624,7667.99
19/03/2018,530.252,8189.49125
20/03/2018,555.856,8597.3375
21/03/2018,564.488,9028.2975
22/03/2018,572.542,9023.7175
23/03/2018,517.185,8411.6525
24/03/2018,541.707,8881.98625
25/03/2018,521.724,8548.8125
26/03/2018,523.52,8429.33124
27/03/2018,463.19,7854.6375
28/03/2018,450.538,7863.255
29/03/2018,443.373,7866.36
30/03/2018,378.868,6861.325
31/03/2018,411.018,6970.36375
01/04/2018,396.412,6926.875
02/04/2018,383.916,6986.835
03/04/2018,391.748,7182.12
04/04/2018,405.765,7295.89
05/04/2018,373.281,6769.48375
06/04/2018,379.748,6766.5925
07/04/2018,380.796,6854.92125
08/04/2018,387.714,6964.4325
09/04/2018,409.585,7125.53875
10/04/2018,399.745,6789.2675
11/04/2018,413.486,6824.49375
12/04/2018,435.394,6941.63875
13/04/2018,489.661,7823.55875
14/04/2018,506.973,8040.88125
15/04/2018,509.939,8083.57375
16/04/2018,517.333,8160.4125
17/04/2018,506.427,8030.57
18/04/2018,506.94,7937.61
19/04/2018,534.342,8188.71875
20/04/2018,573.796,8333.81374
21/04/2018,609.413,8866.67
22/04/2018,602.142,8830.05875
23/04/2018,634.939,8868.16124
24/04/2018,667.432,9191.82
25/04/2018,683.127,9373.3025
26/04/2018,618.484,8807.515
27/04/2018,655.692,9153.64125
28/04/2018,663.8,9144.38375
29/04/2018,693.961,9444.1425
30/04/2018,687.262,9268.7175
01/05/2018,646.964,8949.87624
02/05/2018,671.417,9029.47875
03/05/2018,717.994,9228.8525
04/05/2018,772.539,9572.69875
05/05/2018,801.875,9817.5975
06/05/2018,827.905,9845.54375
07/05/2018,753.517,9326.76125
08/05/2018,769.821,9424.99124
09/05/2018,727.918,9039.02875
10/05/2018,757.211,9327.04999
11/05/2018,732.901,8920.25625
12/05/2018,679.977,8408.35875
13/05/2018,684.785,8442.23875
14/05/2018,703.981,8398.86249
15/05/2018,729.895,8711.38875
16/05/2018,687.973,8159.25625
17/05/2018,713.386,8360.22875
18/05/2018,673.3,7996.82125
19/05/2018,695.009,8237.3425
20/05/2018,706.022,8250.395
21/05/2018,713.5,8493.13125
22/05/2018,690.107,8324.025
23/05/2018,644.311,7951.51375
24/05/2018,595.5972994,7614.96375
25/05/2018,601.6164347,7599.9525
26/05/2018,585.7910358,7436.835
27/05/2018,580.6514361,7296.79625
28/05/2018,570.9259435,7383.2175
29/05/2018,525.1807399,7118.42375
30/05/2018,568.5415693,7491.61125
31/05/2018,562.1821832,7363.27625
01/06/2018,570.8657402,7490.62125
02/06/2018,577.2573643,7518.333329
03/06/2018,591.3811229,7630.403388
04/06/2018,618.302767,7716.145068
05/06/2018,591.5490749,7505.589277
06/06/2018,607.829423,7624.187971
12/06/2018,524.0590803,6780.340803
13/06/2018,489.9241164,6525.329182
14/06/2018,475.9563347,6321.655965
15/06/2018,512.9190714,6601.324158
16/06/2018,488.3687531,6397.44117
17/06/2018,500.0207313,6529.544015
18/06/2018,498.8184644,6482.868697
19/06/2018,516.8910223,6711.64967
20/06/2018,534.7978411,6731.710147
21/06/2018,534.2355789,6736.867721
22/06/2018,524.5293003,6729.925937
23/06/2018,470.3616439,6099.445277
24/06/2018,477.9411747,6198.700824
25/06/2018,462.3994713,6142.39257
26/06/2018,459.0803912,6244.328455
27/06/2018,436.042235,6148.422705
28/06/2018,434.7699917,6140.1915
29/06/2018,421.9666672,5954.526582
30/06/2018,429.1666217,6189.309252
01/07/2018,431.3976063,6343.8922
02/07/2018,440.7371841,6373.277854
03/07/2018,469.0499411,6629.749595
04/07/2018,444.4693275,6482.830594
05/07/2018,400.6601287,6589.632793
06/07/2018,467.6379308,6538.682432
08/07/2018,468.5140721,6570.427592
09/07/2018,490.2092957,6744.988679
10/07/2018,476.6778612,6694.530851
11/07/2018,437.8051692,6364.38759
12/07/2018,440.6431414,6360.446668
13/07/2018,424.2814104,6144.810118
15/07/2018,433.4045742,6254.678129
16/07/2018,449.827529,6366.349904
17/07/2018,475.4163206,6671.625919
18/07/2018,499.6780592,7315.55104
19/07/2018,480.6790499,7359.737018
20/07/2018,469.2643809,7484.63967
21/07/2018,450.1085444,7357.445677
22/07/2018,464.1531629,7424.734238
23/07/2018,457.9176406,7411.200525
24/07/2018,450.5578227,7730.24748
25/07/2018,476.8981975,8325.801534
26/07/2018,475.1970813,8271.59792
27/07/2018,462.6938104,7925.247396
28/07/2018,472.4247446,8254.277348
29/07/2018,466.8324427,8184.695535
30/07/2018,465.7744995,8201.89009
31/07/2018,455.5215743,8166.38836
01/08/2018,430.6546991,7700.834129
02/08/2018,420.8337079,7588.58618
03/08/2018,411.5598612,7547.314951
04/08/2018,417.4339015,7423.074378
05/08/2018,415.4096661,7396.041122
06/08/2018,415.6028997,7411.515299
07/08/2018,415.3476442,7402.336634
08/08/2018,380.437976,6748.441484
09/08/2018,366.8881165,6460.153155
10/08/2018,367.596849,6482.973449
11/08/2018,328.7843935,6092.533104
12/08/2018,327.1062375,6391.599258
13/08/2018,319.3901246,6338.738957
14/08/2018,283.9345147,6260.192995
15/08/2018,266.2161521,6123.447601
16/08/2018,286.4645935,6332.6069
17/08/2018,285.2719982,6273.88807
18/08/2018,315.4903177,6566.595283
19/08/2018,295.2530912,6396.946369
20/08/2018,301.3690628,6516.668382
21/08/2018,273.7707155,6299.395333
22/08/2018,280.3396658,6470.733567
23/08/2018,269.0130144,6355.881809
24/08/2018,275.1806304,6503.832362
25/08/2018,280.5280263,6675.360683
26/08/2018,278.882836,6725.032327
27/08/2018,273.4441079,6689.822683
28/08/2018,280.0060814,6756.628926
29/08/2018,296.4874529,7084.293617
30/08/2018,290.7130769,7059.231235
31/08/2018,283.7533763,6938.914582
01/09/2018,282.252688,7028.447312
02/09/2018,295.2665416,7198.058436
03/09/2018,293.1154634,7282.858514
04/09/2018,288.8294571,7260.251593
05/09/2018,285.7017058,7361.271864
06/09/2018,241.4980125,6913.115013
07/09/2018,227.1030723,6471.493884
08/09/2018,215.9792155,6400.268706
09/09/2018,194.9635634,6181.744207
10/09/2018,194.5894182,6253.937201
11/09/2018,192.4379873,6275.083132
12/09/2018,191.7467557,6275.669588
13/09/2018,191.5202629,6277.494409
14/09/2018,193.7431874,6283.1842
15/09/2018,194.4848772,6285.982466
16/09/2018,194.1911408,6280.310107
17/09/2018,193.7440122,6281.409356
18/09/2018,192.5358077,6273.220083
19/09/2018,193.4390729,6278.595486
20/09/2018,193.3880219,6282.610727
21/09/2018,194.25753,6288.07017
22/09/2018,198.1301307,6317.699685
23/09/2018,194.3920142,6293.836421
24/09/2018,194.4580941,6289.621327
25/09/2018,221.7447447,6466.994564
26/09/2018,209.3312467,6391.385981
27/09/2018,217.8791006,6509.776621
28/09/2018,228.9911605,6698.416047
29/09/2018,217.3480245,6502.688151
30/09/2018,231.306701,6576.61432
01/10/2018,232.950445,6647.387947
02/10/2018,230.3961795,6603.754342
03/10/2018,227.7244629,6576.354229
04/10/2018,219.08526,6481.24577
05/10/2018,222.7394808,6594.935786
06/10/2018,227.7409118,6630.575297
07/10/2018,225.0935629,6595.260326
08/10/2018,224.7099627,6591.686318
09/10/2018,229.6834779,6662.8685
10/10/2018,228.6631765,6663.021071
11/10/2018,226.082983,6619.495845
12/10/2018,198.9386008,6285.859203
13/10/2018,197.1067155,6309.198921
14/10/2018,201.4179528,6331.131154
15/10/2018,199.7879795,6361.417016
16/10/2018,213.3377842,6721.587503
17/10/2018,213.2126115,6724.833078
18/10/2018,203.7579405,6444.74701
19/10/2018,198.4931997,6374.648863
20/10/2018,200.2083266,6372.686817
21/10/2018,202.7111077,6407.479085
22/10/2018,201.9697632,6412.530491
23/10/2018,200.9975754,6396.880154
24/10/2018,201.1292118,6396.252324
25/10/2018,200.4194894,6407.667175
26/10/2018,200.2399671,6405.500726
27/10/2018,200.1886816,6392.179337
28/10/2018,202.7953465,6429.687141
30/10/2018,194.8325478,6266.189683
31/10/2018,195.6592733,6276.4645
01/11/2018,197.04379,6321.713671
02/11/2018,197.6120727,6341.094813
03/11/2018,200.2366085,6360.141272
04/11/2018,198.8207892,6344.738943
05/11/2018,208.8782948,6405.139755
06/11/2018,208.1085442,6396.352124
07/11/2018,217.0567251,6425.917802
08/11/2018,217.3580437,6514.489453
09/11/2018,211.576354,6412.524289
10/11/2018,208.4317284,6343.632504
11/11/2018,211.8943565,6365.655232
12/11/2018,208.7611236,6327.480646
13/11/2018,208.5602524,6327.154696
14/11/2018,204.0936778,6282.438677
15/11/2018,175.0018498,5524.801093
16/11/2018,176.5338295,5511.152834
17/11/2018,170.9644973,5448.600634
18/11/2018,172.4227591,5497.411279
19/11/2018,174.284234,5553.014895
20/11/2018,146.5471692,4800.342897
21/11/2018,125.7555888,4246.312774
22/11/2018,133.282179,4478.299558
23/11/2018,128.1883999,4405.744031
24/11/2018,122.6725869,4329.91722
25/11/2018,110.0448363,3728.872648
26/11/2018,114.1145074,3951.205029
27/11/2018,104.3975846,3640.557165
28/11/2018,110.2687594,3792.192364
29/11/2018,120.0311166,4174.319972
30/11/2018,116.0877313,4218.608363
01/12/2018,111.4911437,3952.447895
02/12/2018,117.6414342,4178.603828
03/12/2018,115.4385357,4118.518242
04/12/2018,108.0357964,3847.032737
05/12/2018,109.0668853,3889.29212
06/12/2018,102.1066863,3713.573383
07/12/2018,92.57817464,3578.206624
08/12/2018,93.27533106,3391.874146
09/12/2018,92.14089242,3452.616185
10/12/2018,92.415549,3507.306367
11/12/2018,89.52455656,3419.733768
12/12/2018,87.34211241,3360.946628
13/12/2018,88.70928092,3414.833749
14/12/2018,84.57517415,3263.547913
15/12/2018,83.36845577,3212.207081
16/12/2018,83.14924108,3194.962272
17/12/2018,84.22103608,3200.642468
18/12/2018,93.14244639,3478.461203
19/12/2018,95.33637204,3562.894946
20/12/2018,100.4732858,3709.316759
21/12/2018,113.2408047,4065.799953
22/12/2018,107.772416,3824.739794
23/12/2018,112.9109053,3862.726329
24/12/2018,129.9295019,3949.794342
25/12/2018,140.9478191,4054.29626
26/12/2018,128.632904,3767.350024
27/12/2018,130.7066629,3807.153022
28/12/2018,114.7827176,3587.198223
29/12/2018,133.4127406,3865.5293
01/01/2019,131.3735702,3689.56462
02/01/2019,137.7276456,3715.564441
03/01/2019,153.9656358,3882.304754
04/01/2019,148.7968733,3795.592741
05/01/2019,152.873631,3812.381108
06/01/2019,155.0953606,3809.914343
07/01/2019,154.580823,4014.133187
08/01/2019,149.6001646,3989.631741
09/01/2019,148.9541572,3992.986144
10/01/2019,149.4467337,3995.325193
11/01/2019,126.5650301,3617.346291
12/01/2019,123.5910351,3606.16489
13/01/2019,123.8033581,3611.528238
14/01/2019,114.9442239,3497.669392
15/01/2019,128.0799992,3654.347067
16/01/2019,118.5098662,3568.751259
17/01/2019,121.9013892,3593.72174
18/01/2019,121.687446,3623.717337
19/01/2019,119.200111,3605.855187
20/01/2019,123.5757733,3690.908564
21/01/2019,117.5549281,3544.221724
22/01/2019,115.7333685,3528.463529
23/01/2019,118.2059598,3581.551947
24/01/2019,116.3314967,3549.770799
25/01/2019,116.1124519,3562.920476
26/01/2019,115.2563719,3566.666164
27/01/2019,115.2436153,3563.27801
28/01/2019,112.6337305,3539.620947
29/01/2019,105.00828,3425.262161
30/01/2019,104.1371894,3395.018645
31/01/2019,107.5714899,3441.032215
01/02/2019,106.1733014,3420.633227
02/02/2019,106.1211666,3439.805699
03/02/2019,106.7283216,3433.035285
04/02/2019,106.0944999,3404.499313
05/02/2019,106.2401879,3412.230431
06/02/2019,105.9936587,3419.767899
07/02/2019,103.9392121,3367.519032
08/02/2019,103.2855553,3360.534076
09/02/2019,116.4289745,3591.022152
10/02/2019,117.848711,3617.46468
11/02/2019,120.3541791,3621.154003
12/02/2019,119.8905691,3593.183177
13/02/2019,120.2123398,3579.341881
14/02/2019,120.4059778,3569.554833
15/02/2019,119.8093875,3558.396858
16/02/2019,120.2850568,3566.247765
17/02/2019,122.2792165,3596.405191
18/02/2019,132.0913764,3606.151988
19/02/2019,142.6179951,3865.318165
20/02/2019,144.1606666,3904.48292
21/02/2019,145.548254,3924.739844
22/02/2019,142.8699894,3889.758485
23/02/2019,146.6658012,3933.60759
24/02/2019,157.0470867,4105.112759
25/02/2019,137.763891,3763.620516
26/02/2019,138.0371413,3819.865341
27/02/2019,135.7434191,3797.58179
28/02/2019,131.6677685,3772.936335
01/03/2019,134.8225062,3799.678543
02/03/2019,135.0662511,3811.611979
03/03/2019,131.3451771,3804.41917
04/03/2019,130.3974612,3782.664101
05/03/2019,124.7250939,3689.862893
06/03/2019,135.000572,3832.080885
07/03/2019,137.084377,3848.95637
08/03/2019,136.8074624,3859.839983
09/03/2019,132.361661,3828.371904
10/03/2019,136.0269174,3898.86846
11/03/2019,135.362074,3899.655869
12/03/2019,132.4076102,3851.24919
13/03/2019,132.8070687,3866.295946
14/03/2019,131.0407794,3846.274442
15/03/2019,131.3672841,3855.744363
16/03/2019,134.9901214,3892.052301
17/03/2019,140.5670429,3985.851236
18/03/2019,138.3158542,3970.389045
19/03/2019,137.3255003,3974.415764
20/03/2019,137.6186421,3996.037131
21/03/2019,138.8187357,4027.787395
22/03/2019,134.8007697,3974.811429
23/03/2019,136.0194987,3987.305225
24/03/2019,136.4499004,3977.707443
25/03/2019,135.3985812,3968.438701
26/03/2019,133.3026314,3913.781717
27/03/2019,133.4910765,3915.37532
28/03/2019,138.0700978,4018.59051
29/03/2019,137.3131883,4008.370872
30/03/2019,141.3032262,4080.260114
31/03/2019,141.9411062,4081.221605
01/04/2019,141.3437324,4094.704791
02/04/2019,141.7132481,4135.18494
03/04/2019,162.4298499,4818.770635
04/04/2019,164.7095956,5102.150753
05/04/2019,157.0412173,4875.599431
06/04/2019,165.9009262,5030.933271
07/04/2019,165.1570911,5028.321082
08/04/2019,173.9915869,5198.17317
09/04/2019,180.2351402,5260.205043
10/04/2019,176.1470907,5179.997649
11/04/2019,176.9719357,5283.543758
12/04/2019,165.644294,5049.605824
13/04/2019,165.238241,5077.515864
14/04/2019,163.5799827,5066.86704
15/04/2019,168.281686,5158.387401
16/04/2019,161.2565404,5045.675166
17/04/2019,165.6484765,5184.204468
18/04/2019,166.3103093,5220.959934
19/04/2019,173.6138263,5276.558982
20/04/2019,173.3950038,5266.661246
21/04/2019,173.2030205,5292.14833
22/04/2019,170.1608503,5276.558318
23/04/2019,172.8128439,5398.433417
24/04/2019,171.8396593,5552.521911
25/04/2019,166.1931802,5432.991017
26/04/2019,154.2475258,5132.227526
27/04/2019,153.9102989,5151.574528
28/04/2019,157.4083036,5200.193239
29/04/2019,154.828085,5152.54574
30/04/2019,153.6813137,5151.4335
01/05/2019,161.2913029,5277.444469
02/05/2019,157.8012726,5297.942492
03/05/2019,160.9700953,5405.878067
04/05/2019,166.1339035,5697.679054
05/05/2019,163.8906998,5812.331779
06/05/2019,162.9348635,5713.035052
07/05/2019,173.605118,5706.008421
08/05/2019,173.8130614,5899.529693
09/05/2019,170.8984032,5932.441391
10/05/2019,170.9917809,6159.685902
11/05/2019,174.1020005,6387.82945
12/05/2019,200.4883684,7254.805536
13/05/2019,188.3712623,6992.706661
14/05/2019,197.3040944,7906.940835
15/05/2019,217.0781324,7928.417416
16/05/2019,246.8264233,8177.453519
17/05/2019,260.3302092,7820.076243
18/05/2019,239.4492649,7243.650539
19/05/2019,238.931991,7295.649729
20/05/2019,263.4469652,8221.259395
21/05/2019,250.0415313,7917.012499
22/05/2019,255.8952567,7961.128743
23/05/2019,246.4173094,7723.90388
24/05/2019,245.987827,7903.84691
25/05/2019,250.5181481,8038.506791
26/05/2019,252.8623843,8089.570163
27/05/2019,264.7384593,8653.142368
28/05/2019,269.1706596,8800.346606
29/05/2019,272.3649993,8719.331485
30/05/2019,270.458631,8672.400107
31/05/2019,253.2695206,8287.040256
01/06/2019,262.6178289,8513.203882
02/06/2019,268.0068681,8588.479505
03/06/2019,269.274568,8744.265561
04/06/2019,257.9038145,8474.048229
05/06/2019,239.0754425,7645.572514
06/06/2019,246.3609228,7790.321135
07/06/2019,243.5358114,7730.881726
08/06/2019,250.9237807,8030.256079
09/06/2019,245.1594275,7949.425799
10/06/2019,229.5070458,7600.922492
11/06/2019,243.6975775,7954.006238
12/06/2019,245.6023534,7903.62525
13/06/2019,257.0824436,8151.78868
14/06/2019,255.8128946,8256.720099
15/06/2019,263.9902062,8667.787954
16/06/2019,268.8329564,8836.168413
17/06/2019,270.7520786,9061.540461
18/06/2019,273.8801723,9346.975087
19/06/2019,263.1083722,9012.48785
20/06/2019,268.6365511,9259.123638
21/06/2019,271.8312145,9559.900689
22/06/2019,291.9443651,9906.407965
23/06/2019,302.005795,10461.41217
24/06/2019,308.2046756,10843.57097
25/06/2019,308.6652726,10996.45975
26/06/2019,316.2122784,11665.40968
27/06/2019,324.1308553,12444.92586
28/06/2019,296.1115559,11086.26883
29/06/2019,309.4092893,12316.95301
30/06/2019,314.0469441,12024.08097
01/07/2019,293.5303669,10932.31051
02/07/2019,289.4528415,10454.68382
03/07/2019,291.4472478,10800.13014
04/07/2019,301.4034854,11942.24022
05/07/2019,293.1470523,11645.52461
06/07/2019,288.0914836,10946.20905
07/07/2019,287.2026911,11219.046
08/07/2019,305.7988739,11422.11447
09/07/2019,313.7779112,12335.99939
10/07/2019,307.7689029,12575.90407
11/07/2019,289.1743327,12054.18379
12/07/2019,267.7342738,11324.1447
13/07/2019,274.6791842,11802.95996
14/07/2019,267.2689248,11279.60274
15/07/2019,236.8879114,10506.39583
16/07/2019,233.0681671,10934.48274
17/07/2019,200.2220044,9490.410516
18/07/2019,212.2264798,9733.132134
19/07/2019,224.2387597,10603.34887
20/07/2019,219.6537524,10466.26094
21/07/2019,233.1300975,10983.216
22/07/2019,225.0877738,10551.13163
23/07/2019,215.9390349,10285.63923
24/07/2019,215.5549595,10027.53261
25/07/2019,215.066558,9771.504761
26/07/2019,219.6820637,9897.429352
27/07/2019,217.9143663,9812.226351
28/07/2019,206.3915854,9440.140037
29/07/2019,207.3703542,9495.855261
30/07/2019,211.6551177,9506.704273
31/07/2019,210.0807134,9572.735372
01/08/2019,216.085927,10005.29447
02/08/2019,217.3123969,10385.20061
03/08/2019,217.5168016,10513.91147
04/08/2019,222.1538141,10831.25986
05/08/2019,222.5023179,10985.80754
06/08/2019,233.0314056,11811.78705
07/08/2019,224.5440763,11310.18722
08/08/2019,225.6844684,11956.04722
09/08/2019,219.2096428,11817.45548
10/08/2019,209.1745628,11827.57457
11/08/2019,205.9151552,11278.28125
12/08/2019,214.8954808,11485.36578
13/08/2019,211.3484238,11391.96865
14/08/2019,206.9961675,10869.37911
15/08/2019,189.687623,10211.49858
16/08/2019,187.9278393,10386.53955
17/08/2019,185.9325033,10388.45059
18/08/2019,186.3736191,10212.10144
19/08/2019,194.7744371,10335.37284
20/08/2019,200.6583914,10774.81031
21/08/2019,198.1378702,10818.50701
22/08/2019,184.8960218,10064.91679
23/08/2019,193.7319852,10161.16475
24/08/2019,193.9669059,10364.28135
25/08/2019,190.798504,10171.49746
26/08/2019,186.1119315,10068.92242
27/08/2019,188.0709594,10312.21504
28/08/2019,185.7509883,10122.19653
29/08/2019,174.0590163,9743.162051
30/08/2019,168.961462,9487.976434
31/08/2019,168.6898906,9590.736337
01/09/2019,172.8455754,9624.983911
02/09/2019,172.0143992,9780.667897
03/09/2019,178.4059547,10381.85596
04/09/2019,180.3972338,10691.3113
05/09/2019,174.3697252,10555.0469
06/09/2019,174.9847095,10576.31789
07/09/2019,169.1709225,10334.02389
08/09/2019,178.6452352,10495.22736
09/09/2019,181.445454,10402.79653
10/09/2019,182.2717701,10332.94219
11/09/2019,179.4033829,10082.94683
12/09/2019,178.3436659,10152.75298
13/09/2019,181.2873036,10396.7672
14/09/2019,180.7958504,10299.47696
15/09/2019,187.4962298,10351.23202
16/09/2019,188.7210222,10302.19071
17/09/2019,197.7618966,10301.65965
18/09/2019,211.8446526,10231.42151
19/09/2019,211.7686705,10168.28771
20/09/2019,220.4508762,10223.50558
21/09/2019,214.5472068,10138.33521
22/09/2019,215.6904162,9984.520516
23/09/2019,210.6311029,10031.86671
24/09/2019,201.7345164,9719.718696
25/09/2019,168.9992628,8688.973526
26/09/2019,169.9438202,8438.708552
27/09/2019,166.6986944,8103.2109
28/09/2019,172.7389316,8195.210697
29/09/2019,172.997552,8146.414032
30/09/2019,171.0073197,8085.71329
01/10/2019,177.9168792,8241.34147
02/10/2019,176.9313026,8333.68919
03/10/2019,178.6122629,8273.464018
04/10/2019,175.1317829,8203.843833
05/10/2019,176.8658985,8163.902638
06/10/2019,176.060443,8137.146689
07/10/2019,169.4697137,7853.693305
08/10/2019,181.4028513,8236.208379
09/10/2019,180.7891908,8201.637818
10/10/2019,193.1512327,8572.380812
11/10/2019,192.1981992,8582.144518
12/10/2019,181.0085295,8320.171581
13/10/2019,180.79133,8328.60426
14/10/2019,181.5366658,8282.177326
15/10/2019,186.1238271,8337.818999
17/10/2019,174.7540832,8003.820395
18/10/2019,176.3901046,8058.058081
19/10/2019,173.7500889,7970.239476
20/10/2019,171.1585128,7943.347107
21/10/2019,174.6693847,8200.318763
22/10/2019,173.7658274,8200.246099
23/10/2019,171.3018586,8073.409544
24/10/2019,159.5431046,7420.415836
25/10/2019,161.0687513,7460.617416
26/10/2019,179.9804506,8591.223897
27/10/2019,177.4139323,9171.306532
28/10/2019,184.9332869,9578.367556
29/10/2019,183.9328016,9458.22336
30/10/2019,192.3885044,9455.724693
31/10/2019,183.3652158,9225.995479
01/11/2019,181.5668036,9131.41063
02/11/2019,182.8739795,9197.632345
03/11/2019,182.853304,9290.896602
04/11/2019,182.2438145,9202.415451
05/11/2019,185.3686817,9369.628081
06/11/2019,188.8571937,9326.599624
07/11/2019,191.0586073,9335.752402
08/11/2019,187.0749396,9226.485821
09/11/2019,184.4694667,8794.358645
10/11/2019,185.1915992,8798.042055
11/11/2019,189.7227333,9081.186878
12/11/2019,185.359517,8711.534339
13/11/2019,186.3251476,8760.892718
14/11/2019,187.251114,8749.520591
15/11/2019,184.8074617,8656.970922
16/11/2019,180.724972,8500.643558
17/11/2019,182.1067434,8469.260899
18/11/2019,184.192142,8537.339652
19/11/2019,178.4221817,8205.806366
20/11/2019,175.5936935,8118.488536
21/11/2019,174.7796504,8074.843174
22/11/2019,160.5179612,7612.740574
23/11/2019,149.5245322,7262.110535
24/11/2019,152.136245,7303.405759
25/11/2019,144.315288,7041.732936
26/11/2019,146.9818122,7211.861809
27/11/2019,148.0068818,7141.069449
28/11/2019,152.957277,7523.480673
29/11/2019,150.4119794,7390.207469
30/11/2019,153.6738095,7729.265939
01/12/2019,151.655424,7542.235609
02/12/2019,151.5529038,7381.963008
03/12/2019,149.4546547,7333.43293
04/12/2019,147.8113219,7315.367765
05/12/2019,145.6033386,7213.733762
06/12/2019,147.8270036,7398.78705
07/12/2019,148.6504041,7511.880583
08/12/2019,147.8712516,7532.123513
09/12/2019,151.4106799,7550.2392
10/12/2019,147.1595339,7333.096043
11/12/2019,145.797319,7239.762575
12/12/2019,143.0108044,7198.066677
13/12/2019,144.5101037,7190.272369
14/12/2019,144.4855855,7238.874323
15/12/2019,142.0555393,7087.024985
16/12/2019,142.6819305,7112.731476
17/12/2019,132.3435787,6883.496394
18/12/2019,120.8798162,6584.028843
19/12/2019,133.8778331,7424.0154
20/12/2019,127.2736814,7147.568324
21/12/2019,127.3752755,7139.933371
22/12/2019,129.8708364,7286.335081
23/12/2019,128.9106173,7236.986205
24/12/2019,125.0138244,7166.172379
25/12/2019,128.0056504,7235.62665
26/12/2019,125.3335416,7212.809395
27/12/2019,125.2582993,7183.706536
28/12/2019,126.1492139,7227.293712
29/12/2019,128.0111453,7311.560644
30/12/2019,134.768035,7385.464848
31/12/2019,132.0730737,7251.276794
01/01/2020,128.7226035,7179.957819
02/01/2020,129.8873633,7174.744012
03/01/2020,127.0556009,6955.48758
04/01/2020,132.9708332,7291.219505
05/01/2020,133.8206207,7337.63667
06/01/2020,134.8342522,7347.433264
07/01/2020,143.1316009,7713.860754
08/01/2020,142.133414,8039.603701
09/01/2020,140.3393937,8067.606369
10/01/2020,137.494999,7808.701364
11/01/2020,142.8347834,8087.452885
12/01/2020,143.0715916,8078.993532
13/01/2020,145.2809937,8149.313717
14/01/2020,143.936917,8116.961008
15/01/2020,163.8546315,8735.142439
16/01/2020,166.5383399,8843.675732
17/01/2020,163.9372081,8711.637578
18/01/2020,171.5889768,8925.299028
19/01/2020,176.700434,8939.8643
20/01/2020,166.0633101,8638.18144
21/01/2020,167.5725368,8652.683763
22/01/2020,169.0544916,8708.786013
23/01/2020,167.1518345,8635.074357
24/01/2020,162.6714167,8384.088777
25/01/2020,162.8065224,8451.232296
26/01/2020,160.9178681,8347.567505
27/01/2020,166.7218659,8562.30747
28/01/2020,169.8001126,8881.962391
29/01/2020,173.5481484,9131.114988
30/01/2020,175.4603221,9320.978406
31/01/2020,186.2620414,9545.077957
01/02/2020,181.7284342,9388.880752
02/02/2020,182.7739889,9363.193383
03/02/2020,189.3125531,9385.260386
04/02/2020,189.2575929,9269.707035
05/02/2020,188.6750822,9177.894637
06/02/2020,204.5305348,9625.456637
07/02/2020,211.2924866,9681.377411
08/02/2020,221.8331394,9795.344066
09/02/2020,224.0294272,9927.778256
10/02/2020,228.044309,10132.7065
11/02/2020,223.3196378,9838.900016
12/02/2020,237.8783455,10236.63515
13/02/2020,268.3962677,10364.92629
14/02/2020,266.2518149,10218.09974
15/02/2020,284.0004909,10367.528
16/02/2020,267.3531863,9926.353691
17/02/2020,255.3551842,9876.234963
18/02/2020,261.1372307,9636.624095
19/02/2020,281.3812072,10189.99598
20/02/2020,265.1448245,9701.037191
21/02/2020,259.7141345,9631.484946
22/02/2020,263.949385,9670.858654
23/02/2020,262.5732338,9689.086743
24/02/2020,272.8428067,9919.551448
25/02/2020,263.8974852,9640.469505
26/02/2020,251.9396762,9392.869629
27/02/2020,225.6910701,8787.978363
28/02/2020,228.5854083,8784.995352
29/02/2020,229.7854128,8778.470511
01/03/2020,223.499288,8639.591417
02/03/2020,218.777736,8548.948322
03/03/2020,230.812952,8923.044398
04/03/2020,224.6566351,8791.112058
05/03/2020,223.5277347,8756.961062
06/03/2020,229.4143467,9078.578777
07/03/2020,240.4900817,9126.636822
08/03/2020,240.5548524,8925.213488
09/03/2020,204.4108196,8166.313894
10/03/2020,198.9773509,7875.750875
11/03/2020,203.1258772,7959.228274
12/03/2020,194.427784,7955.306284
13/03/2020,127.2928962,5800.208905
14/03/2020,134.8210288,5672.681201
15/03/2020,124.9746147,5304.149952
16/03/2020,123.7851093,5355.187374
17/03/2020,107.8983448,4944.702336
18/03/2020,118.3424036,5465.582594
19/03/2020,116.6065978,5363.822853
20/03/2020,140.8145457,6301.063404
21/03/2020,131.753158,6185.279839
22/03/2020,133.0816861,6187.05375
23/03/2020,123.2739472,5884.340133
24/03/2020,133.5701414,6455.454688
25/03/2020,140.1136999,6784.318011
26/03/2020,136.2496619,6706.985089
27/03/2020,136.6194963,6721.495392
28/03/2020,137.3184524,6682.780049
29/03/2020,131.2719317,6229.488343
30/03/2020,125.7283385,5922.489835
31/03/2020,133.7604753,6483.739446
01/04/2020,133.8929306,6446.421347
02/04/2020,133.6525611,6537.336462
03/04/2020,142.5059265,6850.558712
04/04/2020,141.9206657,6776.370094
