Currency,Date,Closing Price (USD)
BTC,09/08/2015,261.75225
ETH,09/08/2015,0.909046
BTC,10/08/2015,265.0825
ETH,10/08/2015,0.692321
BTC,11/08/2015,264.87516
ETH,11/08/2015,0.668067
BTC,12/08/2015,270.22325
ETH,12/08/2015,0.850151
BTC,13/08/2015,264.14299
ETH,13/08/2015,1.266023
BTC,14/08/2015,262.01758
ETH,14/08/2015,1.95146
BTC,15/08/2015,265.3955
ETH,15/08/2015,1.591219
BTC,16/08/2015,261.20058
ETH,16/08/2015,1.693707
BTC,17/08/2015,258.0065
ETH,17/08/2015,1.423244
BTC,18/08/2015,256.44841
ETH,18/08/2015,1.199595
BTC,19/08/2015,230.38424
ETH,19/08/2015,1.182837
BTC,20/08/2015,232.06483
ETH,20/08/2015,1.279549
BTC,21/08/2015,234.56375
ETH,21/08/2015,1.447462
BTC,22/08/2015,233.03691
ETH,22/08/2015,1.36656
BTC,23/08/2015,231.21275
ETH,23/08/2015,1.320872
BTC,24/08/2015,227.23233
ETH,24/08/2015,1.374641
BTC,25/08/2015,203.18133
ETH,25/08/2015,1.209496
BTC,26/08/2015,219.81583
ETH,26/08/2015,1.054577
BTC,27/08/2015,224.53608
ETH,27/08/2015,1.182596
BTC,28/08/2015,224.18875
ETH,28/08/2015,1.15499
BTC,29/08/2015,230.93575
ETH,29/08/2015,1.18735
BTC,30/08/2015,230.58541
ETH,30/08/2015,1.129976
BTC,31/08/2015,227.18083
ETH,31/08/2015,1.254864
BTC,01/09/2015,229.02966
ETH,01/09/2015,1.334005
BTC,02/09/2015,226.28841
ETH,02/09/2015,1.327498
BTC,03/09/2015,228.35299
ETH,03/09/2015,1.293887
BTC,04/09/2015,227.14741
ETH,04/09/2015,1.277428
BTC,05/09/2015,229.66691
ETH,05/09/2015,1.272847
BTC,06/09/2015,240.70116
ETH,06/09/2015,1.350303
BTC,07/09/2015,239.88
ETH,07/09/2015,1.283866
BTC,08/09/2015,242.01891
ETH,08/09/2015,1.273887
BTC,09/09/2015,244.31383
ETH,09/09/2015,1.22715
BTC,10/09/2015,237.99466
ETH,10/09/2015,1.21412
BTC,11/09/2015,240.56366
ETH,11/09/2015,1.133807
BTC,12/09/2015,239.81675
ETH,12/09/2015,0.99657
BTC,13/09/2015,235.053
ETH,13/09/2015,1.057922
BTC,14/09/2015,229.15808
ETH,14/09/2015,0.943382
BTC,15/09/2015,230.51091
ETH,15/09/2015,0.895974
BTC,16/09/2015,230.98066
ETH,16/09/2015,0.953877
BTC,17/09/2015,229.58975
ETH,17/09/2015,0.908822
BTC,18/09/2015,233.2385
ETH,18/09/2015,0.8584
BTC,19/09/2015,232.50008
ETH,19/09/2015,0.852294
BTC,20/09/2015,231.33733
ETH,20/09/2015,0.876125
BTC,21/09/2015,230.75433
ETH,21/09/2015,0.9786
BTC,22/09/2015,227.79358
ETH,22/09/2015,0.903632
BTC,23/09/2015,231.30983
ETH,23/09/2015,0.902332
BTC,24/09/2015,231.09508
ETH,24/09/2015,0.882362
BTC,25/09/2015,233.74475
ETH,25/09/2015,0.823158
BTC,26/09/2015,234.92466
ETH,26/09/2015,0.71822
BTC,27/09/2015,234.32908
ETH,27/09/2015,0.786708
BTC,28/09/2015,237.21116
ETH,28/09/2015,0.673928
BTC,29/09/2015,238.56625
ETH,29/09/2015,0.587136
BTC,30/09/2015,238.06125
ETH,30/09/2015,0.663342
BTC,01/10/2015,237.15191
ETH,01/10/2015,0.74342
BTC,02/10/2015,238.06358
ETH,02/10/2015,0.683352
BTC,03/10/2015,237.63516
ETH,03/10/2015,0.673569
BTC,04/10/2015,238.99883
ETH,04/10/2015,0.704391
BTC,05/10/2015,238.82433
ETH,05/10/2015,0.674765
BTC,06/10/2015,240.63075
ETH,06/10/2015,0.611915
BTC,07/10/2015,246.49633
ETH,07/10/2015,0.627348
BTC,08/10/2015,244.49816
ETH,08/10/2015,0.597617
BTC,09/10/2015,243.25675
ETH,09/10/2015,0.647476
BTC,10/10/2015,244.96533
ETH,10/10/2015,0.639178
BTC,11/10/2015,245.07
ETH,11/10/2015,0.622336
BTC,12/10/2015,247.65041
ETH,12/10/2015,0.630986
BTC,13/10/2015,244.57641
ETH,13/10/2015,0.615958
BTC,14/10/2015,249.45908
ETH,14/10/2015,0.580101
BTC,15/10/2015,254.64216
ETH,15/10/2015,0.520789
BTC,16/10/2015,255.72741
ETH,16/10/2015,0.55132
BTC,17/10/2015,267.53983
ETH,17/10/2015,0.523356
BTC,18/10/2015,270.04041
ETH,18/10/2015,0.549124
BTC,19/10/2015,264.98625
ETH,19/10/2015,0.518259
BTC,20/10/2015,264.92575
ETH,20/10/2015,0.490581
BTC,21/10/2015,270.49541
ETH,21/10/2015,0.490282
BTC,22/10/2015,267.46908
ETH,22/10/2015,0.428394
BTC,23/10/2015,274.25325
ETH,23/10/2015,0.561577
BTC,24/10/2015,279.97908
ETH,24/10/2015,0.543105
BTC,25/10/2015,286.86941
ETH,25/10/2015,0.555001
BTC,26/10/2015,284.286
ETH,26/10/2015,0.626306
BTC,27/10/2015,287.83091
ETH,27/10/2015,0.810927
BTC,28/10/2015,300.53566
ETH,28/10/2015,0.847653
BTC,29/10/2015,304.32691
ETH,29/10/2015,0.96149
BTC,30/10/2015,326.55691
ETH,30/10/2015,1.25408
BTC,31/10/2015,327.58425
ETH,31/10/2015,0.9483
BTC,01/11/2015,311.70274
ETH,01/11/2015,0.913563
BTC,02/11/2015,325.64666
ETH,02/11/2015,1.068958
BTC,03/11/2015,369.51133
ETH,03/11/2015,0.964695
BTC,04/11/2015,432.46133
ETH,04/11/2015,1.018074
BTC,05/11/2015,434.31683
ETH,05/11/2015,0.926706
BTC,06/11/2015,359.586
ETH,06/11/2015,0.878713
BTC,07/11/2015,377.64099
ETH,07/11/2015,0.916739
BTC,08/11/2015,387.775
ETH,08/11/2015,0.933398
BTC,09/11/2015,370.652
ETH,09/11/2015,1.080845
BTC,10/11/2015,376.948
ETH,10/11/2015,0.989914
BTC,11/11/2015,311.702
ETH,11/11/2015,0.854742
BTC,12/11/2015,320.036
ETH,12/11/2015,0.784963
BTC,13/11/2015,337.893
ETH,13/11/2015,0.898162
BTC,14/11/2015,334.125
ETH,14/11/2015,0.904045
BTC,15/11/2015,333.951
ETH,15/11/2015,0.89712
BTC,16/11/2015,320.06
ETH,16/11/2015,0.938097
BTC,17/11/2015,337.759
ETH,17/11/2015,0.917747
BTC,18/11/2015,333.33299
ETH,18/11/2015,0.970144
BTC,19/11/2015,334.02499
ETH,19/11/2015,0.991469
BTC,20/11/2015,315.63099
ETH,20/11/2015,0.93856
BTC,21/11/2015,321.482
ETH,21/11/2015,0.934916
BTC,22/11/2015,326.365
ETH,22/11/2015,0.976503
BTC,23/11/2015,322.606
ETH,23/11/2015,0.987436
BTC,24/11/2015,320.993
ETH,24/11/2015,0.943054
BTC,25/11/2015,318.337
ETH,25/11/2015,0.894563
BTC,26/11/2015,332.471
ETH,26/11/2015,0.85455
BTC,27/11/2015,349.138
ETH,27/11/2015,0.895359
BTC,28/11/2015,354.954
ETH,28/11/2015,0.889247
BTC,29/11/2015,356.806
ETH,29/11/2015,0.919118
BTC,30/11/2015,375.204
ETH,30/11/2015,0.862868
BTC,01/12/2015,377.798
ETH,01/12/2015,0.864777
BTC,02/12/2015,352.128
ETH,02/12/2015,0.84846
BTC,03/12/2015,366.788
ETH,03/12/2015,0.818644
BTC,04/12/2015,358.443
ETH,04/12/2015,0.831416
BTC,05/12/2015,369.956
ETH,05/12/2015,0.834368
BTC,06/12/2015,394.861
ETH,06/12/2015,0.862831
BTC,07/12/2015,391.618
ETH,07/12/2015,0.840918
BTC,08/12/2015,395.59299
ETH,08/12/2015,0.793856
BTC,09/12/2015,421.424
ETH,09/12/2015,0.802668
BTC,10/12/2015,415.076
ETH,10/12/2015,0.7904
BTC,11/12/2015,421.813
ETH,11/12/2015,0.831718
BTC,12/12/2015,467.831
ETH,12/12/2015,0.957485
BTC,13/12/2015,435.091
ETH,13/12/2015,0.970127
BTC,14/12/2015,437.021
ETH,14/12/2015,0.983037
BTC,15/12/2015,453.676
ETH,15/12/2015,0.992982
BTC,16/12/2015,445.805
ETH,16/12/2015,0.976204
BTC,17/12/2015,451.102
ETH,17/12/2015,0.980235
BTC,18/12/2015,456.425
ETH,18/12/2015,0.909203
BTC,19/12/2015,464.218
ETH,19/12/2015,0.902221
BTC,20/12/2015,460.238
ETH,20/12/2015,0.906143
BTC,21/12/2015,435.64099
ETH,21/12/2015,0.909542
BTC,22/12/2015,438.276
ETH,22/12/2015,0.891691
BTC,23/12/2015,437.994
ETH,23/12/2015,0.860184
BTC,24/12/2015,456.572
ETH,24/12/2015,0.85239
BTC,25/12/2015,455.743
ETH,25/12/2015,0.859723
BTC,26/12/2015,447.606
ETH,26/12/2015,0.85956
BTC,27/12/2015,419.338
ETH,27/12/2015,0.872795
BTC,28/12/2015,427.817
ETH,28/12/2015,0.87006
BTC,29/12/2015,422.741
ETH,29/12/2015,0.845619
BTC,30/12/2015,431.029
ETH,30/12/2015,0.875728
BTC,31/12/2015,424.962
ETH,31/12/2015,0.959113
BTC,01/01/2016,432.358
ETH,01/01/2016,0.939963
BTC,02/01/2016,433.773
ETH,02/01/2016,0.954338
BTC,03/01/2016,431.985
ETH,03/01/2016,0.946475
BTC,04/01/2016,431.691
ETH,04/01/2016,0.964273
BTC,05/01/2016,433.732
ETH,05/01/2016,0.9592
BTC,06/01/2016,427.164
ETH,06/01/2016,0.945187
BTC,07/01/2016,441.021
ETH,07/01/2016,0.954133
BTC,08/01/2016,457.168
ETH,08/01/2016,0.971532
BTC,09/01/2016,452.368
ETH,09/01/2016,0.973215
BTC,10/01/2016,445.327
ETH,10/01/2016,0.976544
BTC,11/01/2016,450.312
ETH,11/01/2016,1.054485
BTC,12/01/2016,446.614
ETH,12/01/2016,1.066742
BTC,13/01/2016,431.156
ETH,13/01/2016,1.123385
BTC,14/01/2016,431.41
ETH,14/01/2016,1.137388
BTC,15/01/2016,416.29
ETH,15/01/2016,1.214603
BTC,16/01/2016,372.737
ETH,16/01/2016,1.218812
BTC,17/01/2016,383.138
ETH,17/01/2016,1.22759
BTC,18/01/2016,380.817
ETH,18/01/2016,1.404201
BTC,19/01/2016,382.738
ETH,19/01/2016,1.414796
BTC,20/01/2016,378.775
ETH,20/01/2016,1.381008
BTC,21/01/2016,417.439
ETH,21/01/2016,1.570498
BTC,22/01/2016,403.271
ETH,22/01/2016,1.507437
BTC,23/01/2016,388.219
ETH,23/01/2016,1.629212
BTC,24/01/2016,388.538
ETH,24/01/2016,2.198391
BTC,25/01/2016,397.885
ETH,25/01/2016,2.191263
BTC,26/01/2016,390.715
ETH,26/01/2016,2.671689
BTC,27/01/2016,392.389
ETH,27/01/2016,2.463335
BTC,28/01/2016,381.356
ETH,28/01/2016,2.363919
BTC,29/01/2016,369.133
ETH,29/01/2016,2.54387
BTC,30/01/2016,376.952
ETH,30/01/2016,2.540141
BTC,31/01/2016,378.174
ETH,31/01/2016,2.476824
BTC,01/02/2016,372.157
ETH,01/02/2016,2.19333
BTC,02/02/2016,372.453
ETH,02/02/2016,2.144291
BTC,03/02/2016,372.762
ETH,03/02/2016,2.35222
BTC,04/02/2016,370.433
ETH,04/02/2016,2.449304
BTC,05/02/2016,386.954
ETH,05/02/2016,2.54249
BTC,06/02/2016,377.889
ETH,06/02/2016,2.524713
BTC,07/02/2016,376.44
ETH,07/02/2016,2.568608
BTC,08/02/2016,376.924
ETH,08/02/2016,2.965984
BTC,09/02/2016,372.434
ETH,09/02/2016,3.171354
BTC,10/02/2016,374.764
ETH,10/02/2016,4.274951
BTC,11/02/2016,379.186
ETH,11/02/2016,4.471621
BTC,12/02/2016,378.576
ETH,12/02/2016,6.552829
BTC,13/02/2016,388.87
ETH,13/02/2016,5.329095
BTC,14/02/2016,397.23
ETH,14/02/2016,4.767885
BTC,15/02/2016,405.621
ETH,15/02/2016,5.741672
BTC,16/02/2016,401.663
ETH,16/02/2016,5.323951
BTC,17/02/2016,407.017
ETH,17/02/2016,4.399924
BTC,18/02/2016,417.492
ETH,18/02/2016,3.635079
BTC,19/02/2016,421.956
ETH,19/02/2016,4.73599
BTC,20/02/2016,422.054
ETH,20/02/2016,4.471239
BTC,21/02/2016,439.61
ETH,21/02/2016,4.243621
BTC,22/02/2016,436.14
ETH,22/02/2016,5.100212
BTC,23/02/2016,438.745
ETH,23/02/2016,5.772068
BTC,24/02/2016,419.896
ETH,24/02/2016,5.544
BTC,25/02/2016,422.617
ETH,25/02/2016,6.141016
BTC,26/02/2016,421.244
ETH,26/02/2016,5.893572
BTC,27/02/2016,433.401
ETH,27/02/2016,6.026489
BTC,28/02/2016,425.502
ETH,28/02/2016,6.343376
BTC,29/02/2016,438.28
ETH,29/02/2016,6.558609
BTC,01/03/2016,436.426
ETH,01/03/2016,6.414685
BTC,02/03/2016,434.001
ETH,02/03/2016,7.552274
BTC,03/03/2016,419.254
ETH,03/03/2016,8.512542
BTC,04/03/2016,421.597
ETH,04/03/2016,8.569114
BTC,05/03/2016,407.722
ETH,05/03/2016,10.161934
BTC,06/03/2016,397.883
ETH,06/03/2016,11.30321
BTC,07/03/2016,407.276
ETH,07/03/2016,10.786501
BTC,08/03/2016,414.213
ETH,08/03/2016,8.773093
BTC,09/03/2016,410.739
ETH,09/03/2016,10.288869
BTC,10/03/2016,411.672
ETH,10/03/2016,12.111201
BTC,11/03/2016,416.708
ETH,11/03/2016,10.831474
BTC,12/03/2016,415.04
ETH,12/03/2016,12.772452
BTC,13/03/2016,411.637
ETH,13/03/2016,14.080665
BTC,14/03/2016,414.208
ETH,14/03/2016,12.828765
BTC,15/03/2016,416.034
ETH,15/03/2016,12.03913
BTC,16/03/2016,414.167
ETH,16/03/2016,13.150548
BTC,17/03/2016,417.138
ETH,17/03/2016,12.405536
BTC,18/03/2016,417.154
ETH,18/03/2016,11.021445
BTC,19/03/2016,407.473
ETH,19/03/2016,10.611342
BTC,20/03/2016,409.24
ETH,20/03/2016,10.694646
BTC,21/03/2016,407.496
ETH,21/03/2016,10.68432
BTC,22/03/2016,415.125
ETH,22/03/2016,11.548473
BTC,23/03/2016,417.318
ETH,23/03/2016,11.535684
BTC,24/03/2016,415.837
ETH,24/03/2016,11.88883
BTC,25/03/2016,414.75699
ETH,25/03/2016,10.717539
BTC,26/03/2016,416.851
ETH,26/03/2016,10.95367
BTC,27/03/2016,416.233
ETH,27/03/2016,10.798301
BTC,28/03/2016,424.297
ETH,28/03/2016,11.298643
BTC,29/03/2016,423.597
ETH,29/03/2016,11.361113
BTC,30/03/2016,414.613
ETH,30/03/2016,11.620024
BTC,31/03/2016,414.458
ETH,31/03/2016,11.906417
BTC,01/04/2016,416.012
ETH,01/04/2016,11.657835
BTC,02/04/2016,418.785
ETH,02/04/2016,11.465972
BTC,03/04/2016,418.93999
ETH,03/04/2016,11.537668
BTC,04/04/2016,418.593
ETH,04/04/2016,11.638093
BTC,05/04/2016,422.044
ETH,05/04/2016,10.865302
BTC,06/04/2016,422.29499
ETH,06/04/2016,10.45508
BTC,07/04/2016,420.553
ETH,07/04/2016,10.660057
BTC,08/04/2016,421.616
ETH,08/04/2016,10.264577
BTC,09/04/2016,415.751
ETH,09/04/2016,9.960003
BTC,10/04/2016,418.078
ETH,10/04/2016,9.03829
BTC,11/04/2016,421.192
ETH,11/04/2016,8.809607
BTC,12/04/2016,426.383
ETH,12/04/2016,8.088833
BTC,13/04/2016,426.84399
ETH,13/04/2016,7.098819
BTC,14/04/2016,425.494
ETH,14/04/2016,8.365123
BTC,15/04/2016,426.279
ETH,15/04/2016,8.35775
BTC,16/04/2016,429.775
ETH,16/04/2016,8.246231
BTC,17/04/2016,430.453
ETH,17/04/2016,9.132143
BTC,18/04/2016,429.318
ETH,18/04/2016,9.279722
BTC,19/04/2016,428.522
ETH,19/04/2016,9.096884
BTC,20/04/2016,435.926
ETH,20/04/2016,8.596728
BTC,21/04/2016,443.758
ETH,21/04/2016,8.483955
BTC,22/04/2016,446.776
ETH,22/04/2016,8.262633
BTC,23/04/2016,447.233
ETH,23/04/2016,7.88495
BTC,24/04/2016,455.152
ETH,24/04/2016,8.475849
BTC,25/04/2016,458.626
ETH,25/04/2016,8.061256
BTC,26/04/2016,464.429
ETH,26/04/2016,7.46844
BTC,27/04/2016,466.064
ETH,27/04/2016,7.444989
BTC,28/04/2016,441.304
ETH,28/04/2016,7.54001
BTC,29/04/2016,446.236
ETH,29/04/2016,7.462268
BTC,30/04/2016,454.375
ETH,30/04/2016,7.646307
BTC,01/05/2016,449.108
ETH,01/05/2016,8.684684
BTC,02/05/2016,453.067
ETH,02/05/2016,9.069084
BTC,03/05/2016,443.681
ETH,03/05/2016,9.818807
BTC,04/05/2016,449.157
ETH,04/05/2016,9.48813
BTC,05/05/2016,447.73999
ETH,05/05/2016,9.4005
BTC,06/05/2016,447.58599
ETH,06/05/2016,9.920161
BTC,07/05/2016,458.864
ETH,07/05/2016,9.320362
BTC,08/05/2016,459.937
ETH,08/05/2016,9.248766
BTC,09/05/2016,458.708
ETH,09/05/2016,9.398316
BTC,10/05/2016,460.954
ETH,10/05/2016,9.409434
BTC,11/05/2016,454.39399
ETH,11/05/2016,9.482134
BTC,12/05/2016,451.155
ETH,12/05/2016,9.872727
BTC,13/05/2016,453.701
ETH,13/05/2016,10.386921
BTC,14/05/2016,456.039
ETH,14/05/2016,10.283427
BTC,15/05/2016,456.093
ETH,15/05/2016,10.418331
BTC,16/05/2016,457.64099
ETH,16/05/2016,10.221577
BTC,17/05/2016,454.278
ETH,17/05/2016,11.300386
BTC,18/05/2016,454.064
ETH,18/05/2016,12.671507
BTC,19/05/2016,453.494
ETH,19/05/2016,13.309152
BTC,20/05/2016,440.231
ETH,20/05/2016,14.566127
BTC,21/05/2016,442.953
ETH,21/05/2016,13.095667
BTC,22/05/2016,442.892
ETH,22/05/2016,13.721357
BTC,23/05/2016,440.551
ETH,23/05/2016,14.153041
BTC,24/05/2016,444.489
ETH,24/05/2016,13.415642
BTC,25/05/2016,447.035
ETH,25/05/2016,12.531584
BTC,26/05/2016,448.278
ETH,26/05/2016,12.8516
BTC,27/05/2016,467.262
ETH,27/05/2016,11.297005
BTC,28/05/2016,489.847
ETH,28/05/2016,10.602814
BTC,29/05/2016,516.051
ETH,29/05/2016,11.973384
BTC,30/05/2016,529.917
ETH,30/05/2016,12.302019
BTC,31/05/2016,537.23299
ETH,31/05/2016,12.696851
BTC,01/06/2016,528.04999
ETH,01/06/2016,13.89002
BTC,02/06/2016,538.568
ETH,02/06/2016,13.630606
BTC,03/06/2016,537.185
ETH,03/06/2016,13.826359
BTC,04/06/2016,571.139
ETH,04/06/2016,13.619672
BTC,05/06/2016,579.343
ETH,05/06/2016,13.637499
BTC,06/06/2016,578.84899
ETH,06/06/2016,13.753011
BTC,07/06/2016,585.399
ETH,07/06/2016,13.943334
BTC,08/06/2016,576.226
ETH,08/06/2016,14.655687
BTC,09/06/2016,580.43599
ETH,09/06/2016,14.466797
BTC,10/06/2016,574.953
ETH,10/06/2016,14.200965
BTC,11/06/2016,583.87
ETH,11/06/2016,13.8645
BTC,12/06/2016,633.205
ETH,12/06/2016,14.301974
BTC,13/06/2016,682.226
ETH,13/06/2016,15.441725
BTC,14/06/2016,695.155
ETH,14/06/2016,17.99626
BTC,15/06/2016,685.442
ETH,15/06/2016,18.396721
BTC,16/06/2016,732.357
ETH,16/06/2016,18.661962
BTC,17/06/2016,773.25
ETH,17/06/2016,21.2794
BTC,18/06/2016,736.386
ETH,18/06/2016,14.262145
BTC,19/06/2016,747.831
ETH,19/06/2016,12.721143
BTC,20/06/2016,758.903
ETH,20/06/2016,12.250261
BTC,21/06/2016,702.696
ETH,21/06/2016,11.174118
BTC,22/06/2016,657.013
ETH,22/06/2016,14.95764
BTC,23/06/2016,581.249
ETH,23/06/2016,13.107161
BTC,24/06/2016,657.08999
ETH,24/06/2016,13.665296
BTC,25/06/2016,687.168
ETH,25/06/2016,14.569529
BTC,26/06/2016,657.22399
ETH,26/06/2016,14.209372
BTC,27/06/2016,644.091
ETH,27/06/2016,13.931138
BTC,28/06/2016,655.94399
ETH,28/06/2016,13.886
BTC,29/06/2016,634.357
ETH,29/06/2016,11.915406
BTC,30/06/2016,635.093
ETH,30/06/2016,12.494312
BTC,01/07/2016,683.293
ETH,01/07/2016,12.374262
BTC,02/07/2016,678.567
ETH,02/07/2016,12.179126
BTC,03/07/2016,690.179
ETH,03/07/2016,12.086667
BTC,04/07/2016,670.741
ETH,04/07/2016,11.78207
BTC,05/07/2016,679.351
ETH,05/07/2016,11.359705
BTC,06/07/2016,676.872
ETH,06/07/2016,10.326753
BTC,07/07/2016,671.814
ETH,07/07/2016,10.13188
BTC,08/07/2016,640.476
ETH,08/07/2016,10.048061
BTC,09/07/2016,654.85299
ETH,09/07/2016,10.901109
BTC,10/07/2016,649.356
ETH,10/07/2016,10.823896
BTC,11/07/2016,656.747
ETH,11/07/2016,11.047635
BTC,12/07/2016,648.136
ETH,12/07/2016,10.457758
BTC,13/07/2016,663.443
ETH,13/07/2016,10.515661
BTC,14/07/2016,654.018
ETH,14/07/2016,10.881305
BTC,15/07/2016,663.638
ETH,15/07/2016,11.885718
BTC,16/07/2016,666.56499
ETH,16/07/2016,11.951451
BTC,17/07/2016,665.113
ETH,17/07/2016,11.561825
BTC,18/07/2016,681.239
ETH,18/07/2016,11.411313
BTC,19/07/2016,673.832
ETH,19/07/2016,11.139944
BTC,20/07/2016,673.008
ETH,20/07/2016,11.735039
BTC,21/07/2016,662.034
ETH,21/07/2016,12.376475
BTC,22/07/2016,666.747
ETH,22/07/2016,12.553567
BTC,23/07/2016,654.725
ETH,23/07/2016,14.502578
BTC,24/07/2016,654.895
ETH,24/07/2016,14.190763
BTC,25/07/2016,660.284
ETH,25/07/2016,13.385314
BTC,26/07/2016,655.418
ETH,26/07/2016,13.618806
BTC,27/07/2016,650.82899
ETH,27/07/2016,12.393433
BTC,28/07/2016,656.91599
ETH,28/07/2016,12.844266
BTC,29/07/2016,655.427
ETH,29/07/2016,12.73773
BTC,30/07/2016,656.681
ETH,30/07/2016,12.733222
BTC,31/07/2016,635.588
ETH,31/07/2016,12.377607
BTC,01/08/2016,621.37299
ETH,01/08/2016,11.78049
BTC,02/08/2016,601.227
ETH,02/08/2016,10.646814
BTC,03/08/2016,555.926
ETH,03/08/2016,9.429077
BTC,04/08/2016,578.52374
ETH,04/08/2016,10.563403
BTC,05/08/2016,570.33875
ETH,05/08/2016,10.900653
BTC,06/08/2016,574.87375
ETH,06/08/2016,10.793019
BTC,07/08/2016,588.51625
ETH,07/08/2016,10.904812
BTC,08/08/2016,589.66125
ETH,08/08/2016,11.134518
BTC,09/08/2016,586.715
ETH,09/08/2016,11.367989
BTC,10/08/2016,585.23875
ETH,10/08/2016,12.579432
BTC,11/08/2016,594.81625
ETH,11/08/2016,12.098701
BTC,12/08/2016,581.9625
ETH,12/08/2016,11.651671
BTC,13/08/2016,584.87375
ETH,13/08/2016,11.759793
BTC,14/08/2016,581.65
ETH,14/08/2016,11.533494
BTC,15/08/2016,571.9625
ETH,15/08/2016,11.250161
BTC,16/08/2016,567.60749
ETH,16/08/2016,11.082952
BTC,17/08/2016,575.54125
ETH,17/08/2016,11.021117
BTC,18/08/2016,572.37249
ETH,18/08/2016,10.836692
BTC,19/08/2016,573.01625
ETH,19/08/2016,10.723738
BTC,20/08/2016,573.08
ETH,20/08/2016,10.974623
BTC,21/08/2016,581.35375
ETH,21/08/2016,11.117599
BTC,22/08/2016,579.6675
ETH,22/08/2016,11.168643
BTC,23/08/2016,585.5075
ETH,23/08/2016,11.244944
BTC,24/08/2016,577.98749
ETH,24/08/2016,11.101393
BTC,25/08/2016,574.5825
ETH,25/08/2016,11.11745
BTC,26/08/2016,575.0625
ETH,26/08/2016,11.427117
BTC,27/08/2016,575.3425
ETH,27/08/2016,11.191805
BTC,28/08/2016,568.78875
ETH,28/08/2016,11.077814
BTC,29/08/2016,574.49749
ETH,29/08/2016,10.836503
BTC,30/08/2016,571.94125
ETH,30/08/2016,11.053865
BTC,31/08/2016,573.78125
ETH,31/08/2016,11.218456
BTC,01/09/2016,572.96
ETH,01/09/2016,12.080199
BTC,02/09/2016,570.1
ETH,02/09/2016,12.086755
BTC,03/09/2016,572.52125
ETH,03/09/2016,12.334285
BTC,04/09/2016,596.45375
ETH,04/09/2016,11.722517
BTC,05/09/2016,606.0525
ETH,05/09/2016,11.809063
BTC,06/09/2016,604.465
ETH,06/09/2016,11.685958
BTC,07/09/2016,609.4325
ETH,07/09/2016,11.705249
BTC,08/09/2016,613.67499
ETH,08/09/2016,11.612994
BTC,09/09/2016,623.6
ETH,09/09/2016,11.567017
BTC,10/09/2016,620.59875
ETH,10/09/2016,11.76883
BTC,11/09/2016,622.03375
ETH,11/09/2016,12.171771
BTC,12/09/2016,604.8275
ETH,12/09/2016,11.779397
BTC,13/09/2016,607.03625
ETH,13/09/2016,12.017102
BTC,14/09/2016,606.885
ETH,14/09/2016,12.034831
BTC,15/09/2016,606.8975
ETH,15/09/2016,12.137046
BTC,16/09/2016,605.52125
ETH,16/09/2016,11.981109
BTC,17/09/2016,606.04625
ETH,17/09/2016,12.523064
BTC,18/09/2016,605.08
ETH,18/09/2016,12.739668
BTC,19/09/2016,609.37249
ETH,19/09/2016,12.820767
BTC,20/09/2016,606.7175
ETH,20/09/2016,13.433515
BTC,21/09/2016,595.93375
ETH,21/09/2016,14.243642
BTC,22/09/2016,596.225
ETH,22/09/2016,13.41168
BTC,23/09/2016,595.0175
ETH,23/09/2016,13.143369
BTC,24/09/2016,602.4075
ETH,24/09/2016,13.198914
BTC,25/09/2016,601.36875
ETH,25/09/2016,13.069967
BTC,26/09/2016,598.9075
ETH,26/09/2016,12.8951
BTC,27/09/2016,605.0175
ETH,27/09/2016,12.95477
BTC,28/09/2016,602.885
ETH,28/09/2016,13.43472
BTC,29/09/2016,603.58124
ETH,29/09/2016,13.261939
BTC,30/09/2016,604.52125
ETH,30/09/2016,13.042521
BTC,01/10/2016,610.58375
ETH,01/10/2016,13.166937
BTC,02/10/2016,613.23749
ETH,02/10/2016,13.164201
BTC,03/10/2016,611.88874
ETH,03/10/2016,13.168065
BTC,04/10/2016,609.495
ETH,04/10/2016,13.456315
BTC,05/10/2016,608.125
ETH,05/10/2016,13.278997
BTC,06/10/2016,610.57
ETH,06/10/2016,13.095678
BTC,07/10/2016,610.23375
ETH,07/10/2016,12.947742
BTC,08/10/2016,617.445
ETH,08/10/2016,12.641213
BTC,09/10/2016,614.59625
ETH,09/10/2016,12.254665
BTC,10/10/2016,615.91625
ETH,10/10/2016,11.951233
BTC,11/10/2016,618.3275
ETH,11/10/2016,12.135368
BTC,12/10/2016,637.21624
ETH,12/10/2016,11.74605
BTC,13/10/2016,637.73625
ETH,13/10/2016,11.74605
BTC,14/10/2016,635.88375
ETH,14/10/2016,11.74605
BTC,15/10/2016,638.975
ETH,15/10/2016,11.74605
BTC,16/10/2016,638.605
ETH,16/10/2016,11.74605
BTC,17/10/2016,636.635
ETH,17/10/2016,11.74605
BTC,18/10/2016,637.01625
ETH,18/10/2016,11.74605
BTC,19/10/2016,634.605
ETH,19/10/2016,11.74605
BTC,20/10/2016,626.36875
ETH,20/10/2016,11.74605
BTC,21/10/2016,629.61249
ETH,21/10/2016,11.74605
BTC,22/10/2016,630.61875
ETH,22/10/2016,11.74605
BTC,23/10/2016,650.895
ETH,23/10/2016,11.74605
BTC,24/10/2016,647.69375
ETH,24/10/2016,11.74605
BTC,25/10/2016,652.235
ETH,25/10/2016,11.7933
BTC,26/10/2016,657.05625
ETH,26/10/2016,11.519947
BTC,27/10/2016,684.3775
ETH,27/10/2016,11.449855
BTC,28/10/2016,684.2975
ETH,28/10/2016,11.545675
BTC,29/10/2016,700.135
ETH,29/10/2016,11.173315
BTC,30/10/2016,704.91
ETH,30/10/2016,10.53241
BTC,31/10/2016,693.89625
ETH,31/10/2016,11.436444
BTC,01/11/2016,708.955
ETH,01/11/2016,10.675513
BTC,02/11/2016,725.6925
ETH,02/11/2016,10.945551
BTC,03/11/2016,741.84875
ETH,03/11/2016,10.842992
BTC,04/11/2016,701.21875
ETH,04/11/2016,10.961917
BTC,05/11/2016,702.175
ETH,05/11/2016,11.017137
BTC,06/11/2016,705.47875
ETH,06/11/2016,11.16351
BTC,07/11/2016,705.47125
ETH,07/11/2016,10.967567
BTC,08/11/2016,706.13375
ETH,08/11/2016,10.954777
BTC,09/11/2016,728.36125
ETH,09/11/2016,10.461869
BTC,10/11/2016,719.2525
ETH,10/11/2016,10.667821
BTC,11/11/2016,714.57125
ETH,11/11/2016,10.435038
BTC,12/11/2016,715.7725
ETH,12/11/2016,10.137763
BTC,13/11/2016,694.72125
ETH,13/11/2016,10.118149
BTC,14/11/2016,704.62125
ETH,14/11/2016,10.190739
BTC,15/11/2016,711.39625
ETH,15/11/2016,9.899728
BTC,16/11/2016,710.9275
ETH,16/11/2016,10.286643
BTC,17/11/2016,745.92625
ETH,17/11/2016,10.043273
BTC,18/11/2016,738.665
ETH,18/11/2016,9.966889
BTC,19/11/2016,748.8075
ETH,19/11/2016,9.660631
BTC,20/11/2016,752.5525
ETH,20/11/2016,9.629214
BTC,21/11/2016,730.365
ETH,21/11/2016,9.60881
BTC,22/11/2016,734.84
ETH,22/11/2016,9.868597
BTC,23/11/2016,745.97875
ETH,23/11/2016,9.776321
BTC,24/11/2016,739.81875
ETH,24/11/2016,9.729471
BTC,25/11/2016,730.3125
ETH,25/11/2016,9.28811
BTC,26/11/2016,737.4025
ETH,26/11/2016,9.341233
BTC,27/11/2016,727.445
ETH,27/11/2016,9.224529
BTC,28/11/2016,731.9
ETH,28/11/2016,8.826192
BTC,29/11/2016,731.12625
ETH,29/11/2016,8.453786
BTC,30/11/2016,731.64
ETH,30/11/2016,8.263665
BTC,01/12/2016,744.1025
ETH,01/12/2016,8.527776
BTC,02/12/2016,766.5925
ETH,02/12/2016,8.171604
BTC,03/12/2016,769.915
ETH,03/12/2016,7.970143
BTC,04/12/2016,764.3575
ETH,04/12/2016,7.817933
BTC,05/12/2016,760.1
ETH,05/12/2016,7.529515
BTC,06/12/2016,754.82625
ETH,06/12/2016,6.717527
BTC,07/12/2016,758.35375
ETH,07/12/2016,7.531045
BTC,08/12/2016,763.23625
ETH,08/12/2016,8.473844
BTC,09/12/2016,766.8725
ETH,09/12/2016,8.20362
BTC,10/12/2016,773.2825
ETH,10/12/2016,8.458332
BTC,11/12/2016,765.9525
ETH,11/12/2016,8.119684
BTC,12/12/2016,769.8275
ETH,12/12/2016,8.182465
BTC,13/12/2016,774.38625
ETH,13/12/2016,8.42452
BTC,14/12/2016,778.35625
ETH,14/12/2016,8.394537
BTC,15/12/2016,776.9825
ETH,15/12/2016,8.195936
BTC,16/12/2016,776.415
ETH,16/12/2016,7.836525
BTC,17/12/2016,786.9725
ETH,17/12/2016,7.709642
BTC,18/12/2016,789.24625
ETH,18/12/2016,7.813304
BTC,19/12/2016,791
ETH,19/12/2016,7.735086
BTC,20/12/2016,789.2325
ETH,20/12/2016,7.601047
BTC,21/12/2016,805.79625
ETH,21/12/2016,7.675313
BTC,22/12/2016,842.63875
ETH,22/12/2016,7.569866
BTC,23/12/2016,910.9325
ETH,23/12/2016,7.601819
BTC,24/12/2016,910.2475
ETH,24/12/2016,7.221961
BTC,25/12/2016,870.13125
ETH,25/12/2016,7.256569
BTC,26/12/2016,905.45625
ETH,26/12/2016,7.260191
BTC,27/12/2016,900.36625
ETH,27/12/2016,7.303933
BTC,28/12/2016,948.89875
ETH,28/12/2016,7.235181
BTC,29/12/2016,971.645
ETH,29/12/2016,8.111114
BTC,30/12/2016,954.84375
ETH,30/12/2016,8.36334
BTC,31/12/2016,952.455
ETH,31/12/2016,8.013868
BTC,01/01/2017,964.325
ETH,01/01/2017,8.437012
BTC,02/01/2017,1009.97375
ETH,02/01/2017,8.212046
BTC,03/01/2017,1028.33375
ETH,03/01/2017,8.332855
BTC,04/01/2017,1047.09999
ETH,04/01/2017,10.435576
BTC,05/01/2017,1140.385
ETH,05/01/2017,11.445979
BTC,06/01/2017,985.93875
ETH,06/01/2017,9.956588
BTC,07/01/2017,837.83625
ETH,07/01/2017,9.737254
BTC,08/01/2017,923.52375
ETH,08/01/2017,10.001896
BTC,09/01/2017,889.33875
ETH,09/01/2017,10.266545
BTC,10/01/2017,905.22625
ETH,10/01/2017,10.485289
BTC,11/01/2017,910.60625
ETH,11/01/2017,10.696117
BTC,12/01/2017,772.66125
ETH,12/01/2017,9.401194
BTC,13/01/2017,784.89375
ETH,13/01/2017,9.487749
BTC,14/01/2017,820.68875
ETH,14/01/2017,9.598883
BTC,15/01/2017,821.19625
ETH,15/01/2017,9.702505
BTC,16/01/2017,830.74
ETH,16/01/2017,9.663497
BTC,17/01/2017,848.58125
ETH,17/01/2017,9.786222
BTC,18/01/2017,890.29375
ETH,18/01/2017,10.333692
BTC,19/01/2017,888.0625
ETH,19/01/2017,10.225847
BTC,20/01/2017,896.16375
ETH,20/01/2017,10.500874
BTC,21/01/2017,920.58875
ETH,21/01/2017,10.66865
BTC,22/01/2017,934.7775
ETH,22/01/2017,10.9639
BTC,23/01/2017,920.365
ETH,23/01/2017,10.684885
BTC,24/01/2017,912.2125
ETH,24/01/2017,10.699035
BTC,25/01/2017,898.55
ETH,25/01/2017,10.524163
BTC,26/01/2017,901.05
ETH,26/01/2017,10.505382
BTC,27/01/2017,912.84375
ETH,27/01/2017,10.455241
BTC,28/01/2017,919.795
ETH,28/01/2017,10.483953
BTC,29/01/2017,920.82875
ETH,29/01/2017,10.519501
BTC,30/01/2017,916.91125
ETH,30/01/2017,10.40558
BTC,31/01/2017,921.35125
ETH,31/01/2017,10.510549
BTC,01/02/2017,973.065
ETH,01/02/2017,10.710514
BTC,02/02/2017,982.8275
ETH,02/02/2017,10.49782
BTC,03/02/2017,1020.09
ETH,03/02/2017,10.663947
BTC,04/02/2017,1011.215
ETH,04/02/2017,11.240959
BTC,05/02/2017,1029.40124
ETH,05/02/2017,11.27786
BTC,06/02/2017,1019.3125
ETH,06/02/2017,11.217052
BTC,07/02/2017,1029.40875
ETH,07/02/2017,11.331469
BTC,08/02/2017,1067.70875
ETH,08/02/2017,11.505409
BTC,09/02/2017,1072.205
ETH,09/02/2017,11.403079
BTC,10/02/2017,974.95875
ETH,10/02/2017,10.905312
BTC,11/02/2017,997.2275
ETH,11/02/2017,11.21991
BTC,12/02/2017,1004.71375
ETH,12/02/2017,11.299272
BTC,13/02/2017,1004.85375
ETH,13/02/2017,11.280685
BTC,14/02/2017,994.58
ETH,14/02/2017,11.894969
BTC,15/02/2017,1003.59
ETH,15/02/2017,12.681755
BTC,16/02/2017,1018.41125
ETH,16/02/2017,12.70062
BTC,17/02/2017,1038.86625
ETH,17/02/2017,12.784189
BTC,18/02/2017,1058.315
ETH,18/02/2017,12.909267
BTC,19/02/2017,1052.84375
ETH,19/02/2017,12.886819
BTC,20/02/2017,1046.66249
ETH,20/02/2017,12.830235
BTC,21/02/2017,1079.5825
ETH,21/02/2017,12.562646
BTC,22/02/2017,1112.86375
ETH,22/02/2017,12.782024
BTC,23/02/2017,1122.515
ETH,23/02/2017,12.71811
BTC,24/02/2017,1193.501
ETH,24/02/2017,13.098521
BTC,25/02/2017,1182.429
ETH,25/02/2017,13.194061
BTC,26/02/2017,1139.848
ETH,26/02/2017,13.573991
BTC,27/02/2017,1189.366
ETH,27/02/2017,14.706219
BTC,28/02/2017,1189.94699
ETH,28/02/2017,15.863437
BTC,01/03/2017,1193.611
ETH,01/03/2017,15.76128
BTC,02/03/2017,1221.05
ETH,02/03/2017,17.289049
BTC,03/03/2017,1269.776
ETH,03/03/2017,20.235485
BTC,04/03/2017,1285.376
ETH,04/03/2017,19.911787
BTC,05/03/2017,1260.668
ETH,05/03/2017,18.920662
BTC,06/03/2017,1273.24699
ETH,06/03/2017,19.109602
BTC,07/03/2017,1280.30499
ETH,07/03/2017,19.342467
BTC,08/03/2017,1206.357
ETH,08/03/2017,18.002569
BTC,09/03/2017,1153.06
ETH,09/03/2017,16.932387
BTC,10/03/2017,1200.557
ETH,10/03/2017,18.03119
BTC,11/03/2017,1147.625
ETH,11/03/2017,18.952377
BTC,12/03/2017,1186.351
ETH,12/03/2017,21.648475
BTC,13/03/2017,1235.553
ETH,13/03/2017,24.637882
BTC,14/03/2017,1242.806
ETH,14/03/2017,28.039033
BTC,15/03/2017,1245.892
ETH,15/03/2017,28.521178
BTC,16/03/2017,1247.67099
ETH,16/03/2017,39.544387
BTC,17/03/2017,1126.08199
ETH,17/03/2017,47.540183
BTC,18/03/2017,1062.07
ETH,18/03/2017,43.563357
BTC,19/03/2017,1000.24599
ETH,19/03/2017,37.976973
BTC,20/03/2017,1036.226
ETH,20/03/2017,42.356981
BTC,21/03/2017,1065.481
ETH,21/03/2017,43.451302
BTC,22/03/2017,1091.333
ETH,22/03/2017,42.450104
BTC,23/03/2017,1036.099
ETH,23/03/2017,41.088518
BTC,24/03/2017,1013.844
ETH,24/03/2017,42.984147
BTC,25/03/2017,921.808
ETH,25/03/2017,50.379989
BTC,26/03/2017,962.508
ETH,26/03/2017,50.365804
BTC,27/03/2017,968.293
ETH,27/03/2017,51.413317
BTC,28/03/2017,1035.32199
ETH,28/03/2017,49.081083
BTC,29/03/2017,1011.969
ETH,29/03/2017,52.407958
BTC,30/03/2017,1041.374
ETH,30/03/2017,52.695111
BTC,31/03/2017,1048.86299
ETH,31/03/2017,49.745082
BTC,01/04/2017,1077.557
ETH,01/04/2017,49.781778
BTC,02/04/2017,1082.37
ETH,02/04/2017,50.422021
BTC,03/04/2017,1140.037
ETH,03/04/2017,44.27212
BTC,04/04/2017,1148.092
ETH,04/04/2017,43.743146
BTC,05/04/2017,1139.86
ETH,05/04/2017,45.50185
BTC,06/04/2017,1150.685
ETH,06/04/2017,44.820806
BTC,07/04/2017,1177.284
ETH,07/04/2017,44.30351
BTC,08/04/2017,1196.896
ETH,08/04/2017,44.339554
BTC,09/04/2017,1187.03299
ETH,09/04/2017,44.005367
BTC,10/04/2017,1213.801
ETH,10/04/2017,44.090094
BTC,11/04/2017,1206.74
ETH,11/04/2017,44.376748
BTC,12/04/2017,1226.896
ETH,12/04/2017,44.060944
BTC,13/04/2017,1216.269
ETH,13/04/2017,49.137396
BTC,14/04/2017,1187.136
ETH,14/04/2017,49.104656
BTC,15/04/2017,1186.10899
ETH,15/04/2017,48.229629
BTC,16/04/2017,1189.55
ETH,16/04/2017,49.721216
BTC,17/04/2017,1184.2
ETH,17/04/2017,49.213228
BTC,18/04/2017,1211.73799
ETH,18/04/2017,50.192121
BTC,19/04/2017,1218.666
ETH,19/04/2017,52.337063
BTC,20/04/2017,1227.981
ETH,20/04/2017,49.91781
BTC,21/04/2017,1261.702
ETH,21/04/2017,51.986983
BTC,22/04/2017,1255.25125
ETH,22/04/2017,51.278525
BTC,23/04/2017,1232.7575
ETH,23/04/2017,52.635354
BTC,24/04/2017,1243.43
ETH,24/04/2017,53.604876
BTC,25/04/2017,1251.5775
ETH,25/04/2017,53.330552
BTC,26/04/2017,1269.69625
ETH,26/04/2017,53.917308
BTC,27/04/2017,1289.7475
ETH,27/04/2017,57.55117
BTC,28/04/2017,1335.825
ETH,28/04/2017,69.292865
BTC,29/04/2017,1319.7
ETH,29/04/2017,74.292294
BTC,30/04/2017,1311.58874
ETH,30/04/2017,75.037031
BTC,01/05/2017,1370.79
ETH,01/05/2017,86.099496
BTC,02/05/2017,1416.61
ETH,02/05/2017,84.480807
BTC,03/05/2017,1448.88625
ETH,03/05/2017,82.511277
BTC,04/05/2017,1506.7725
ETH,04/05/2017,86.292093
BTC,05/05/2017,1543.31
ETH,05/05/2017,99.979653
BTC,06/05/2017,1536.1525
ETH,06/05/2017,94.44738
BTC,07/05/2017,1554.6025
ETH,07/05/2017,95.440527
BTC,08/05/2017,1564.065
ETH,08/05/2017,92.249991
BTC,09/05/2017,1644.72875
ETH,09/05/2017,87.142343
BTC,10/05/2017,1695.83125
ETH,10/05/2017,89.864235
BTC,11/05/2017,1748.35375
ETH,11/05/2017,88.322378
BTC,12/05/2017,1774.52
ETH,12/05/2017,90.112081
BTC,13/05/2017,1634.6075
ETH,13/05/2017,86.622737
BTC,14/05/2017,1774.805
ETH,14/05/2017,90.033173
BTC,15/05/2017,1747.04375
ETH,15/05/2017,90.694035
BTC,16/05/2017,1665.0325
ETH,16/05/2017,92.590657
BTC,17/05/2017,1744.44125
ETH,17/05/2017,89.577718
BTC,18/05/2017,1796.89625
ETH,18/05/2017,91.339332
BTC,19/05/2017,1913.13875
ETH,19/05/2017,108.274908
BTC,20/05/2017,1983.97875
ETH,20/05/2017,127.267172
BTC,21/05/2017,2074.69625
ETH,21/05/2017,124.900392
BTC,22/05/2017,2114.98875
ETH,22/05/2017,148.333874
BTC,23/05/2017,2196.66874
ETH,23/05/2017,159.999428
BTC,24/05/2017,2348.55249
ETH,24/05/2017,175.471684
BTC,25/05/2017,2581.85375
ETH,25/05/2017,187.826425
BTC,26/05/2017,2460.95375
ETH,26/05/2017,176.35396
BTC,27/05/2017,2232.2875
ETH,27/05/2017,144.838435
BTC,28/05/2017,2234.83374
ETH,28/05/2017,164.135585
BTC,29/05/2017,2195.785
ETH,29/05/2017,158.999202
BTC,30/05/2017,2315.73625
ETH,30/05/2017,196.869683
BTC,31/05/2017,2170.98124
ETH,31/05/2017,216.577291
BTC,01/06/2017,2402.125
ETH,01/06/2017,221.219432
BTC,02/06/2017,2477.1725
ETH,02/06/2017,219.461977
BTC,03/06/2017,2475.2975
ETH,03/06/2017,216.890385
BTC,04/06/2017,2526.31125
ETH,04/06/2017,224.549544
BTC,05/06/2017,2605.125
ETH,05/06/2017,241.675036
BTC,06/06/2017,2855.03
ETH,06/06/2017,251.874861
BTC,07/06/2017,2900.8525
ETH,07/06/2017,261.79265
BTC,08/06/2017,2737.9025
ETH,08/06/2017,250.930389
BTC,09/06/2017,2826.03875
ETH,09/06/2017,258.637335
BTC,10/06/2017,2846.00625
ETH,10/06/2017,284.500258
BTC,11/06/2017,2910.33625
ETH,11/06/2017,336.070318
BTC,12/06/2017,3007.0125
ETH,12/06/2017,343.417647
BTC,13/06/2017,2697.0775
ETH,13/06/2017,373.624676
BTC,14/06/2017,2780.1825
ETH,14/06/2017,382.221369
BTC,15/06/2017,2518.54875
ETH,15/06/2017,332.25862
BTC,16/06/2017,2438.61749
ETH,16/06/2017,325.530517
BTC,17/06/2017,2520.78375
ETH,17/06/2017,340.834591
BTC,18/06/2017,2680.1025
ETH,18/06/2017,371.631992
BTC,19/06/2017,2611.67999
ETH,19/06/2017,358.41611
BTC,20/06/2017,2667.5475
ETH,20/06/2017,364.690598
BTC,21/06/2017,2805.0975
ETH,21/06/2017,348.365734
BTC,22/06/2017,2702.00375
ETH,22/06/2017,312.417589
BTC,23/06/2017,2763.29125
ETH,23/06/2017,324.634294
BTC,24/06/2017,2740.5925
ETH,24/06/2017,324.955093
BTC,25/06/2017,2598.15875
ETH,25/06/2017,295.433814
BTC,26/06/2017,2630.59499
ETH,26/06/2017,283.581248
BTC,27/06/2017,2513.42999
ETH,27/06/2017,253.886743
BTC,28/06/2017,2556.1675
ETH,28/06/2017,272.763187
BTC,29/06/2017,2591.2675
ETH,29/06/2017,311.237618
BTC,30/06/2017,2547.3225
ETH,30/06/2017,288.277201
BTC,01/07/2017,2479.05499
ETH,01/07/2017,265.081169
BTC,02/07/2017,2424.69875
ETH,02/07/2017,246.574977
BTC,03/07/2017,2513.74125
ETH,03/07/2017,272.3068
BTC,04/07/2017,2640.06125
ETH,04/07/2017,279.09903
BTC,05/07/2017,2588.67875
ETH,05/07/2017,267.070981
BTC,06/07/2017,2634.17375
ETH,06/07/2017,264.97838
BTC,07/07/2017,2598.57
ETH,07/07/2017,261.923616
BTC,08/07/2017,2514.3625
ETH,08/07/2017,237.417595
BTC,09/07/2017,2586.0425
ETH,09/07/2017,246.154278
BTC,10/07/2017,2524.12624
ETH,10/07/2017,233.466663
BTC,11/07/2017,2352.265
ETH,11/07/2017,190.299095
BTC,12/07/2017,2292.91375
ETH,12/07/2017,185.848756
BTC,13/07/2017,2437.55375
ETH,13/07/2017,223.207956
BTC,14/07/2017,2337.67875
ETH,14/07/2017,197.906611
BTC,15/07/2017,2109.37375
ETH,15/07/2017,186.126286
BTC,16/07/2017,2045.5725
ETH,16/07/2017,168.194937
BTC,17/07/2017,1986.9425
ETH,17/07/2017,165.270026
BTC,18/07/2017,2189.23999
ETH,18/07/2017,180.626926
BTC,19/07/2017,2354.8925
ETH,19/07/2017,224.075703
BTC,20/07/2017,2349.355
ETH,20/07/2017,211.168405
BTC,21/07/2017,2740.56875
ETH,21/07/2017,227.759647
BTC,22/07/2017,2738.775
ETH,22/07/2017,221.32264
BTC,23/07/2017,2831.67875
ETH,23/07/2017,231.845107
BTC,24/07/2017,2772.3675
ETH,24/07/2017,227.009216
BTC,25/07/2017,2768.8025
ETH,25/07/2017,223.985269
BTC,26/07/2017,2540.20874
ETH,26/07/2017,198.355377
BTC,27/07/2017,2570.195
ETH,27/07/2017,201.962879
BTC,28/07/2017,2699.72125
ETH,28/07/2017,200.045871
BTC,29/07/2017,2719.69
ETH,29/07/2017,200.045871
BTC,30/07/2017,2714.70375
ETH,30/07/2017,202.356029
BTC,31/07/2017,2718.6175
ETH,31/07/2017,194.967731
BTC,01/08/2017,2867.65375
ETH,01/08/2017,209.020204
BTC,02/08/2017,2739.70875
ETH,02/08/2017,226.21304
BTC,03/08/2017,2740.07125
ETH,03/08/2017,218.789061
BTC,04/08/2017,2811.71
ETH,04/08/2017,225.307634
BTC,05/08/2017,3123.41125
ETH,05/08/2017,226.980461
BTC,06/08/2017,3254.71
ETH,06/08/2017,258.638867
BTC,07/08/2017,3274.6375
ETH,07/08/2017,266.935567
BTC,08/08/2017,3474.7625
ETH,08/08/2017,272.195838
BTC,09/08/2017,3416.185
ETH,09/08/2017,315.197193
BTC,10/08/2017,3364.41125
ETH,10/08/2017,292.309764
BTC,11/08/2017,3451.8525
ETH,11/08/2017,301.244641
BTC,12/08/2017,3705.43
ETH,12/08/2017,312.508364
BTC,13/08/2017,4104.015
ETH,13/08/2017,299.769888
BTC,14/08/2017,4036.7575
ETH,14/08/2017,300.184169
BTC,15/08/2017,4462.67625
ETH,15/08/2017,291.731738
BTC,16/08/2017,4118.9025
ETH,16/08/2017,286.240462
BTC,17/08/2017,4322.42125
ETH,17/08/2017,300.231413
BTC,18/08/2017,4311.685
ETH,18/08/2017,300.26119
BTC,19/08/2017,4180.23875
ETH,19/08/2017,300.26119
BTC,20/08/2017,4139.38125
ETH,20/08/2017,300.26119
BTC,21/08/2017,4110.94125
ETH,21/08/2017,300.26119
BTC,22/08/2017,3911.27625
ETH,22/08/2017,321.648698
BTC,23/08/2017,4162.79249
ETH,23/08/2017,323.718591
BTC,24/08/2017,4178.75625
ETH,24/08/2017,324.079054
BTC,25/08/2017,4396.03125
ETH,25/08/2017,329.219
BTC,26/08/2017,4359.9025
ETH,26/08/2017,328.344
BTC,27/08/2017,4381.39625
ETH,27/08/2017,333.282815
BTC,28/08/2017,4340.46
ETH,28/08/2017,345.424365
BTC,29/08/2017,4442.6575
ETH,29/08/2017,349.155544
BTC,30/08/2017,4664.64375
ETH,30/08/2017,373.224
BTC,31/08/2017,4676.1425
ETH,31/08/2017,380.711
BTC,01/09/2017,4783.17
ETH,01/09/2017,393.598029
BTC,02/09/2017,4864.285
ETH,02/09/2017,380.195042
BTC,03/09/2017,4672.56875
ETH,03/09/2017,351.142
BTC,04/09/2017,4593.1825
ETH,04/09/2017,340.967
BTC,05/09/2017,4160.535
ETH,05/09/2017,278.695779
BTC,06/09/2017,4517.57
ETH,06/09/2017,325.847
BTC,07/09/2017,4543.1025
ETH,07/09/2017,327.608852
BTC,08/09/2017,4628.6025
ETH,08/09/2017,330.423336
BTC,09/09/2017,4280.975
ETH,09/09/2017,298.551691
BTC,10/09/2017,4194.21875
ETH,10/09/2017,285.779
BTC,11/09/2017,4307.82625
ETH,11/09/2017,307.004387
BTC,12/09/2017,4295.76124
ETH,12/09/2017,303.14889
BTC,13/09/2017,3944.58375
ETH,13/09/2017,275.953343
BTC,14/09/2017,3817.0575
ETH,14/09/2017,269.499271
BTC,15/09/2017,3358.10875
ETH,15/09/2017,234.476
BTC,16/09/2017,3772.68375
ETH,16/09/2017,261.416097
BTC,17/09/2017,3608.595
ETH,17/09/2017,250.673679
BTC,18/09/2017,3764.6175
ETH,18/09/2017,275.071
BTC,19/09/2017,3976.3875
ETH,19/09/2017,289.487554
BTC,20/09/2017,3863.18625
ETH,20/09/2017,281.741
BTC,21/09/2017,3827.685
ETH,21/09/2017,280.857901
BTC,22/09/2017,3690.99125
ETH,22/09/2017,265.706093
BTC,23/09/2017,3612.1625
ETH,23/09/2017,262.581067
BTC,24/09/2017,3772.8475
ETH,24/09/2017,294.103129
BTC,25/09/2017,3753.435
ETH,25/09/2017,286.041
BTC,26/09/2017,3920.99125
ETH,26/09/2017,293.588732
BTC,27/09/2017,3939.515
ETH,27/09/2017,289.988
BTC,28/09/2017,4220.28
ETH,28/09/2017,308.083549
BTC,29/09/2017,4062.20375
ETH,29/09/2017,280.586093
BTC,30/09/2017,4207.825
ETH,30/09/2017,295.748
BTC,01/10/2017,4300.55125
ETH,01/10/2017,299.745244
BTC,02/10/2017,4414.1775
ETH,02/10/2017,300.724
BTC,03/10/2017,4424.4725
ETH,03/10/2017,300.062
BTC,04/10/2017,4307.555
ETH,04/10/2017,292.847181
BTC,05/10/2017,4186.78374
ETH,05/10/2017,289.300806
BTC,06/10/2017,4325.23625
ETH,06/10/2017,295.510772
BTC,07/10/2017,4370.16875
ETH,07/10/2017,309.599509
BTC,08/10/2017,4446.17249
ETH,08/10/2017,311.17
BTC,09/10/2017,4624.34875
ETH,09/10/2017,305.448397
BTC,10/10/2017,4789.30125
ETH,10/10/2017,297.253365
BTC,11/10/2017,4741.70875
ETH,11/10/2017,301.203155
BTC,12/10/2017,4858.60499
ETH,12/10/2017,307.345873
BTC,13/10/2017,5728.5475
ETH,13/10/2017,301.993368
BTC,14/10/2017,5666.97875
ETH,14/10/2017,340.097
BTC,15/10/2017,5779.07375
ETH,15/10/2017,337.745026
BTC,16/10/2017,5607.01
ETH,16/10/2017,333.52
BTC,17/10/2017,5643.55375
ETH,17/10/2017,328.230574
BTC,18/10/2017,5495.03875
ETH,18/10/2017,307.068
BTC,19/10/2017,5627.08625
ETH,19/10/2017,312.490756
BTC,20/10/2017,5686.52625
ETH,20/10/2017,307.136835
BTC,21/10/2017,6098.115
ETH,21/10/2017,301.047
BTC,22/10/2017,5949.07875
ETH,22/10/2017,303.938
BTC,23/10/2017,5969.795
ETH,23/10/2017,293.715
BTC,24/10/2017,5649.005
ETH,24/10/2017,301.668
BTC,25/10/2017,5550.85875
ETH,25/10/2017,293.334
BTC,26/10/2017,5776.87875
ETH,26/10/2017,298.362
BTC,27/10/2017,5923.70625
ETH,27/10/2017,297.538
BTC,28/10/2017,5737.1025
ETH,28/10/2017,295.573
BTC,29/10/2017,5741.7225
ETH,29/10/2017,298.196
BTC,30/10/2017,6151.325
ETH,30/10/2017,307.502
BTC,31/10/2017,6130.56375
ETH,31/10/2017,308.991
BTC,01/11/2017,6424.515
ETH,01/11/2017,304.109
BTC,02/11/2017,6879.365
ETH,02/11/2017,288.606
BTC,03/11/2017,7199.2375
ETH,03/11/2017,288.383
BTC,04/11/2017,7210.46875
ETH,04/11/2017,297.047
BTC,05/11/2017,7376.7425
ETH,05/11/2017,300.013
BTC,06/11/2017,7231.93
ETH,06/11/2017,293.717
BTC,07/11/2017,7123.89375
ETH,07/11/2017,300.794
BTC,08/11/2017,7356.50625
ETH,08/11/2017,297.076
BTC,09/11/2017,7342.82375
ETH,09/11/2017,311.094
BTC,10/11/2017,7250.77
ETH,10/11/2017,320.091
BTC,11/11/2017,6773.695
ETH,11/11/2017,303.473
BTC,12/11/2017,6075.30125
ETH,12/11/2017,310.175
BTC,13/11/2017,5969.13
ETH,13/11/2017,313.839
BTC,14/11/2017,6666.27125
ETH,14/11/2017,320.717
BTC,15/11/2017,6867.42625
ETH,15/11/2017,336.541
BTC,16/11/2017,7259.3
ETH,16/11/2017,329.881
BTC,17/11/2017,7924.1825
ETH,17/11/2017,331.429
BTC,18/11/2017,7598.2775
ETH,18/11/2017,330.418
BTC,19/11/2017,7787.45625
ETH,19/11/2017,348.659
BTC,20/11/2017,7954.7675
ETH,20/11/2017,357.437
BTC,21/11/2017,7879.06
ETH,21/11/2017,353.267
BTC,22/11/2017,8150.6325
ETH,22/11/2017,363.873
BTC,23/11/2017,8208.75375
ETH,23/11/2017,380.117
BTC,24/11/2017,8094.445
ETH,24/11/2017,412.698
BTC,25/11/2017,8190.87125
ETH,25/11/2017,468.032
BTC,26/11/2017,8851.305
ETH,26/11/2017,458.239
BTC,27/11/2017,9573.9675
ETH,27/11/2017,485.869
BTC,28/11/2017,9713.09625
ETH,28/11/2017,481.476
BTC,29/11/2017,10295.6225
ETH,29/11/2017,487.591
BTC,30/11/2017,10542.6625
ETH,30/11/2017,461.168
BTC,01/12/2017,9706.10375
ETH,01/12/2017,442.01
BTC,02/12/2017,10923.20125
ETH,02/12/2017,462.452
BTC,03/12/2017,10973.54375
ETH,03/12/2017,465.248
BTC,04/12/2017,11382.20875
ETH,04/12/2017,468.909
BTC,05/12/2017,11597.23125
ETH,05/12/2017,466.939
BTC,06/12/2017,12230.365
ETH,06/12/2017,451.526
BTC,07/12/2017,13734.52
ETH,07/12/2017,438.609
BTC,08/12/2017,16403.42125
ETH,08/12/2017,430.981
BTC,09/12/2017,15732.1
ETH,09/12/2017,472.516
BTC,10/12/2017,13152.52875
ETH,10/12/2017,436.93
BTC,11/12/2017,16299.2975
ETH,11/12/2017,460.265
BTC,12/12/2017,16374.8975
ETH,12/12/2017,533.388
BTC,13/12/2017,16678.28749
ETH,13/12/2017,613.891
BTC,14/12/2017,16246.13875
ETH,14/12/2017,752.374
BTC,15/12/2017,17221.65125
ETH,15/12/2017,667.289
BTC,16/12/2017,17436.5975
ETH,16/12/2017,701.215
BTC,17/12/2017,19166.97874
ETH,17/12/2017,725.283
BTC,18/12/2017,18640.2625
ETH,18/12/2017,715.512
BTC,19/12/2017,18984.7675
ETH,19/12/2017,826.545
BTC,20/12/2017,16862.57125
ETH,20/12/2017,803.122
BTC,21/12/2017,16925.0175
ETH,21/12/2017,869.818
BTC,22/12/2017,14182.46499
ETH,22/12/2017,729.609
BTC,23/12/2017,14694.5825
ETH,23/12/2017,729.407
BTC,24/12/2017,14103.21875
ETH,24/12/2017,677.993
BTC,25/12/2017,13387.34875
ETH,25/12/2017,750.11
BTC,26/12/2017,14652.3675
ETH,26/12/2017,771.967
BTC,27/12/2017,15846.07375
ETH,27/12/2017,783.7
BTC,28/12/2017,14362.40375
ETH,28/12/2017,739.085
BTC,29/12/2017,14867.5725
ETH,29/12/2017,754.482
BTC,30/12/2017,13643.695
ETH,30/12/2017,705.097
BTC,31/12/2017,13062.145
ETH,31/12/2017,719.827
BTC,01/01/2018,13439.4175
ETH,01/01/2018,761.079
BTC,02/01/2018,13337.62125
ETH,02/01/2018,865.012
BTC,03/01/2018,14881.545
ETH,03/01/2018,884.858
BTC,04/01/2018,15104.45
ETH,04/01/2018,947.321
BTC,05/01/2018,14953.8525
ETH,05/01/2018,1038.38
BTC,06/01/2018,16576.69625
ETH,06/01/2018,1012.87
BTC,07/01/2018,16735.10625
ETH,07/01/2018,1086.05
BTC,08/01/2018,15632.41125
ETH,08/01/2018,1261.41
BTC,09/01/2018,15242.93625
ETH,09/01/2018,1219.73
BTC,10/01/2018,14122.825
ETH,10/01/2018,1405.21
BTC,11/01/2018,13269.5975
ETH,11/01/2018,1149.06
BTC,12/01/2018,13633.36375
ETH,12/01/2018,1205.84
BTC,13/01/2018,14165.90625
ETH,13/01/2018,1299.95
BTC,14/01/2018,14217.3625
ETH,14/01/2018,1358.78
BTC,15/01/2018,13519.92625
ETH,15/01/2018,1345.07
BTC,16/01/2018,12915.11625
ETH,16/01/2018,1244.83
BTC,17/01/2018,10870.16875
ETH,17/01/2018,987.103
BTC,18/01/2018,11340.65
ETH,18/01/2018,1004.16
BTC,19/01/2018,11137.36875
ETH,19/01/2018,1025.69
BTC,20/01/2018,11742.94125
ETH,20/01/2018,1076.94
BTC,21/01/2018,12486.06625
ETH,21/01/2018,1126.83
BTC,22/01/2018,11508.62
ETH,22/01/2018,1069.17
BTC,23/01/2018,10872.9025
ETH,23/01/2018,996.166
BTC,24/01/2018,10830.9275
ETH,24/01/2018,970.868
BTC,25/01/2018,11629.375
ETH,25/01/2018,1088.43
BTC,26/01/2018,11524.345
ETH,26/01/2018,1066.74
BTC,27/01/2018,11005.615
ETH,27/01/2018,1057.04
BTC,28/01/2018,11452.23
ETH,28/01/2018,1147.66
BTC,29/01/2018,11412.79375
ETH,29/01/2018,1222.23
BTC,30/01/2018,10917.15125
ETH,30/01/2018,1160.35
BTC,31/01/2018,9914.4725
ETH,31/01/2018,1066.72
BTC,01/02/2018,9970.30875
ETH,01/02/2018,1143.47
BTC,02/02/2018,8715.59499
ETH,02/02/2018,956.065
BTC,03/02/2018,8285.50124
ETH,03/02/2018,881.151
BTC,04/02/2018,9192.045
ETH,04/02/2018,952.92
BTC,05/02/2018,8136.39
ETH,05/02/2018,834.563
BTC,06/02/2018,6332.37
ETH,06/02/2018,597.362
BTC,07/02/2018,7270.5075
ETH,07/02/2018,748.825
BTC,08/02/2018,7987.28125
ETH,08/02/2018,819.749
BTC,09/02/2018,8086.7725
ETH,09/02/2018,806.536
BTC,10/02/2018,8930.13875
ETH,10/02/2018,899.807
BTC,11/02/2018,8045.44
ETH,11/02/2018,818.451
BTC,12/02/2018,8478.92499
ETH,12/02/2018,847.771
BTC,13/02/2018,8766.8525
ETH,13/02/2018,852.951
BTC,14/02/2018,8693.2525
ETH,14/02/2018,852.05
BTC,15/02/2018,9659.2875
ETH,15/02/2018,937.988
BTC,16/02/2018,10110.83875
ETH,16/02/2018,931.282
BTC,17/02/2018,10474.77125
ETH,17/02/2018,966.12
BTC,18/02/2018,10855.9375
ETH,18/02/2018,958.569
BTC,19/02/2018,10537.00625
ETH,19/02/2018,933.128
BTC,20/02/2018,11416.03875
ETH,20/02/2018,953.288
BTC,21/02/2018,10928.02
ETH,21/02/2018,884.42
BTC,22/02/2018,10727.9525
ETH,22/02/2018,860.26
BTC,23/02/2018,9809.72125
ETH,23/02/2018,846.845
BTC,24/02/2018,10412.36875
ETH,24/02/2018,875.513
BTC,25/02/2018,9585.285
ETH,25/02/2018,844.86
BTC,26/02/2018,9627.71625
ETH,26/02/2018,856.866
BTC,27/02/2018,10272.9025
ETH,27/02/2018,876.038
BTC,28/02/2018,10903.01875
ETH,28/02/2018,888.402
BTC,01/03/2018,10352.04625
ETH,01/03/2018,860.857
BTC,02/03/2018,11100.2925
ETH,02/03/2018,873.699
BTC,03/03/2018,11305.1225
ETH,03/03/2018,864.679
BTC,04/03/2018,11171.8175
ETH,04/03/2018,848.463
BTC,05/03/2018,11558.475
ETH,05/03/2018,868.916
BTC,06/03/2018,11246.7475
ETH,06/03/2018,847.965
BTC,07/03/2018,10735.88625
ETH,07/03/2018,813.011
BTC,08/03/2018,9552.75875
ETH,08/03/2018,744.534
BTC,09/03/2018,8980.19249
ETH,09/03/2018,664.342
BTC,10/03/2018,9251.2925
ETH,10/03/2018,738.324
BTC,11/03/2018,8680.6075
ETH,11/03/2018,685.044
BTC,12/03/2018,9433.47374
ETH,12/03/2018,716.613
BTC,13/03/2018,9047.5125
ETH,13/03/2018,695.532
BTC,14/03/2018,9260.70875
ETH,14/03/2018,701.269
BTC,15/03/2018,7895.98875
ETH,15/03/2018,591.096
BTC,16/03/2018,8039.6025
ETH,16/03/2018,600.368
BTC,17/03/2018,8206.555
ETH,17/03/2018,597.817
BTC,18/03/2018,7667.99
ETH,18/03/2018,521.624
BTC,19/03/2018,8189.49125
ETH,19/03/2018,530.252
BTC,20/03/2018,8597.3375
ETH,20/03/2018,555.856
BTC,21/03/2018,9028.2975
ETH,21/03/2018,564.488
BTC,22/03/2018,9023.7175
ETH,22/03/2018,572.542
BTC,23/03/2018,8411.6525
ETH,23/03/2018,517.185
BTC,24/03/2018,8881.98625
ETH,24/03/2018,541.707
BTC,25/03/2018,8548.8125
ETH,25/03/2018,521.724
BTC,26/03/2018,8429.33124
ETH,26/03/2018,523.52
BTC,27/03/2018,7854.6375
ETH,27/03/2018,463.19
BTC,28/03/2018,7863.255
ETH,28/03/2018,450.538
BTC,29/03/2018,7866.36
ETH,29/03/2018,443.373
BTC,30/03/2018,6861.325
ETH,30/03/2018,378.868
BTC,31/03/2018,6970.36375
ETH,31/03/2018,411.018
BTC,01/04/2018,6926.875
ETH,01/04/2018,396.412
BTC,02/04/2018,6986.835
ETH,02/04/2018,383.916
BTC,03/04/2018,7182.12
ETH,03/04/2018,391.748
BTC,04/04/2018,7295.89
ETH,04/04/2018,405.765
BTC,05/04/2018,6769.48375
ETH,05/04/2018,373.281
BTC,06/04/2018,6766.5925
ETH,06/04/2018,379.748
BTC,07/04/2018,6854.92125
ETH,07/04/2018,380.796
BTC,08/04/2018,6964.4325
ETH,08/04/2018,387.714
BTC,09/04/2018,7125.53875
ETH,09/04/2018,409.585
BTC,10/04/2018,6789.2675
ETH,10/04/2018,399.745
BTC,11/04/2018,6824.49375
ETH,11/04/2018,413.486
BTC,12/04/2018,6941.63875
ETH,12/04/2018,435.394
BTC,13/04/2018,7823.55875
ETH,13/04/2018,489.661
BTC,14/04/2018,8040.88125
ETH,14/04/2018,506.973
BTC,15/04/2018,8083.57375
ETH,15/04/2018,509.939
BTC,16/04/2018,8160.4125
ETH,16/04/2018,517.333
BTC,17/04/2018,8030.57
ETH,17/04/2018,506.427
BTC,18/04/2018,7937.61
ETH,18/04/2018,506.94
BTC,19/04/2018,8188.71875
ETH,19/04/2018,534.342
BTC,20/04/2018,8333.81374
ETH,20/04/2018,573.796
BTC,21/04/2018,8866.67
ETH,21/04/2018,609.413
BTC,22/04/2018,8830.05875
ETH,22/04/2018,602.142
BTC,23/04/2018,8868.16124
ETH,23/04/2018,634.939
BTC,24/04/2018,9191.82
ETH,24/04/2018,667.432
BTC,25/04/2018,9373.3025
ETH,25/04/2018,683.127
BTC,26/04/2018,8807.515
ETH,26/04/2018,618.484
BTC,27/04/2018,9153.64125
ETH,27/04/2018,655.692
BTC,28/04/2018,9144.38375
ETH,28/04/2018,663.8
BTC,29/04/2018,9444.1425
ETH,29/04/2018,693.961
BTC,30/04/2018,9268.7175
ETH,30/04/2018,687.262
BTC,01/05/2018,8949.87624
ETH,01/05/2018,646.964
BTC,02/05/2018,9029.47875
ETH,02/05/2018,671.417
BTC,03/05/2018,9228.8525
ETH,03/05/2018,717.994
BTC,04/05/2018,9572.69875
ETH,04/05/2018,772.539
BTC,05/05/2018,9817.5975
ETH,05/05/2018,801.875
BTC,06/05/2018,9845.54375
ETH,06/05/2018,827.905
BTC,07/05/2018,9326.76125
ETH,07/05/2018,753.517
BTC,08/05/2018,9424.99124
ETH,08/05/2018,769.821
BTC,09/05/2018,9039.02875
ETH,09/05/2018,727.918
BTC,10/05/2018,9327.04999
ETH,10/05/2018,757.211
BTC,11/05/2018,8920.25625
ETH,11/05/2018,732.901
BTC,12/05/2018,8408.35875
ETH,12/05/2018,679.977
BTC,13/05/2018,8442.23875
ETH,13/05/2018,684.785
BTC,14/05/2018,8398.86249
ETH,14/05/2018,703.981
BTC,15/05/2018,8711.38875
ETH,15/05/2018,729.895
BTC,16/05/2018,8159.25625
ETH,16/05/2018,687.973
BTC,17/05/2018,8360.22875
ETH,17/05/2018,713.386
BTC,18/05/2018,7996.82125
ETH,18/05/2018,673.3
BTC,19/05/2018,8237.3425
ETH,19/05/2018,695.009
BTC,20/05/2018,8250.395
ETH,20/05/2018,706.022
BTC,21/05/2018,8493.13125
ETH,21/05/2018,713.5
BTC,22/05/2018,8324.025
ETH,22/05/2018,690.107
BTC,23/05/2018,7951.51375
ETH,23/05/2018,644.311
BTC,24/05/2018,7614.96375
ETH,24/05/2018,595.5972994
BTC,25/05/2018,7599.9525
ETH,25/05/2018,601.6164347
BTC,26/05/2018,7436.835
ETH,26/05/2018,585.7910358
BTC,27/05/2018,7296.79625
ETH,27/05/2018,580.6514361
BTC,28/05/2018,7383.2175
ETH,28/05/2018,570.9259435
BTC,29/05/2018,7118.42375
ETH,29/05/2018,525.1807399
BTC,30/05/2018,7491.61125
ETH,30/05/2018,568.5415693
BTC,31/05/2018,7363.27625
ETH,31/05/2018,562.1821832
BTC,01/06/2018,7490.62125
ETH,01/06/2018,570.8657402
BTC,02/06/2018,7518.333329
ETH,02/06/2018,577.2573643
BTC,03/06/2018,7630.403388
ETH,03/06/2018,591.3811229
BTC,04/06/2018,7716.145068
ETH,04/06/2018,618.302767
BTC,05/06/2018,7505.589277
ETH,05/06/2018,591.5490749
BTC,06/06/2018,7624.187971
ETH,06/06/2018,607.829423
BTC,12/06/2018,6780.340803
ETH,12/06/2018,524.0590803
BTC,13/06/2018,6525.329182
ETH,13/06/2018,489.9241164
BTC,14/06/2018,6321.655965
ETH,14/06/2018,475.9563347
BTC,15/06/2018,6601.324158
ETH,15/06/2018,512.9190714
BTC,16/06/2018,6397.44117
ETH,16/06/2018,488.3687531
BTC,17/06/2018,6529.544015
ETH,17/06/2018,500.0207313
BTC,18/06/2018,6482.868697
ETH,18/06/2018,498.8184644
BTC,19/06/2018,6711.64967
ETH,19/06/2018,516.8910223
BTC,20/06/2018,6731.710147
ETH,20/06/2018,534.7978411
BTC,21/06/2018,6736.867721
ETH,21/06/2018,534.2355789
BTC,22/06/2018,6729.925937
ETH,22/06/2018,524.5293003
BTC,23/06/2018,6099.445277
ETH,23/06/2018,470.3616439
BTC,24/06/2018,6198.700824
ETH,24/06/2018,477.9411747
BTC,25/06/2018,6142.39257
ETH,25/06/2018,462.3994713
BTC,26/06/2018,6244.328455
ETH,26/06/2018,459.0803912
BTC,27/06/2018,6148.422705
ETH,27/06/2018,436.042235
BTC,28/06/2018,6140.1915
ETH,28/06/2018,434.7699917
BTC,29/06/2018,5954.526582
ETH,29/06/2018,421.9666672
BTC,30/06/2018,6189.309252
ETH,30/06/2018,429.1666217
BTC,01/07/2018,6343.8922
ETH,01/07/2018,431.3976063
BTC,02/07/2018,6373.277854
ETH,02/07/2018,440.7371841
BTC,03/07/2018,6629.749595
ETH,03/07/2018,469.0499411
BTC,04/07/2018,6482.830594
ETH,04/07/2018,444.4693275
BTC,05/07/2018,6589.632793
ETH,05/07/2018,400.6601287
BTC,06/07/2018,6538.682432
ETH,06/07/2018,467.6379308
BTC,08/07/2018,6570.427592
ETH,08/07/2018,468.5140721
BTC,09/07/2018,6744.988679
ETH,09/07/2018,490.2092957
BTC,10/07/2018,6694.530851
ETH,10/07/2018,476.6778612
BTC,11/07/2018,6364.38759
ETH,11/07/2018,437.8051692
BTC,12/07/2018,6360.446668
ETH,12/07/2018,440.6431414
BTC,13/07/2018,6144.810118
ETH,13/07/2018,424.2814104
BTC,15/07/2018,6254.678129
ETH,15/07/2018,433.4045742
BTC,16/07/2018,6366.349904
ETH,16/07/2018,449.827529
BTC,17/07/2018,6671.625919
ETH,17/07/2018,475.4163206
BTC,18/07/2018,7315.55104
ETH,18/07/2018,499.6780592
BTC,19/07/2018,7359.737018
ETH,19/07/2018,480.6790499
BTC,20/07/2018,7484.63967
ETH,20/07/2018,469.2643809
BTC,21/07/2018,7357.445677
ETH,21/07/2018,450.1085444
BTC,22/07/2018,7424.734238
ETH,22/07/2018,464.1531629
BTC,23/07/2018,7411.200525
ETH,23/07/2018,457.9176406
BTC,24/07/2018,7730.24748
ETH,24/07/2018,450.5578227
BTC,25/07/2018,8325.801534
ETH,25/07/2018,476.8981975
BTC,26/07/2018,8271.59792
ETH,26/07/2018,475.1970813
BTC,27/07/2018,7925.247396
ETH,27/07/2018,462.6938104
BTC,28/07/2018,8254.277348
ETH,28/07/2018,472.4247446
BTC,29/07/2018,8184.695535
ETH,29/07/2018,466.8324427
BTC,30/07/2018,8201.89009
ETH,30/07/2018,465.7744995
BTC,31/07/2018,8166.38836
ETH,31/07/2018,455.5215743
BTC,01/08/2018,7700.834129
ETH,01/08/2018,430.6546991
BTC,02/08/2018,7588.58618
ETH,02/08/2018,420.8337079
BTC,03/08/2018,7547.314951
ETH,03/08/2018,411.5598612
BTC,04/08/2018,7423.074378
ETH,04/08/2018,417.4339015
BTC,05/08/2018,7396.041122
ETH,05/08/2018,415.4096661
BTC,06/08/2018,7411.515299
ETH,06/08/2018,415.6028997
BTC,07/08/2018,7402.336634
ETH,07/08/2018,415.3476442
BTC,08/08/2018,6748.441484
ETH,08/08/2018,380.437976
BTC,09/08/2018,6460.153155
ETH,09/08/2018,366.8881165
BTC,10/08/2018,6482.973449
ETH,10/08/2018,367.596849
BTC,11/08/2018,6092.533104
ETH,11/08/2018,328.7843935
BTC,12/08/2018,6391.599258
ETH,12/08/2018,327.1062375
BTC,13/08/2018,6338.738957
ETH,13/08/2018,319.3901246
BTC,14/08/2018,6260.192995
ETH,14/08/2018,283.9345147
BTC,15/08/2018,6123.447601
ETH,15/08/2018,266.2161521
BTC,16/08/2018,6332.6069
ETH,16/08/2018,286.4645935
BTC,17/08/2018,6273.88807
ETH,17/08/2018,285.2719982
BTC,18/08/2018,6566.595283
ETH,18/08/2018,315.4903177
BTC,19/08/2018,6396.946369
ETH,19/08/2018,295.2530912
BTC,20/08/2018,6516.668382
ETH,20/08/2018,301.3690628
BTC,21/08/2018,6299.395333
ETH,21/08/2018,273.7707155
BTC,22/08/2018,6470.733567
ETH,22/08/2018,280.3396658
BTC,23/08/2018,6355.881809
ETH,23/08/2018,269.0130144
BTC,24/08/2018,6503.832362
ETH,24/08/2018,275.1806304
BTC,25/08/2018,6675.360683
ETH,25/08/2018,280.5280263
BTC,26/08/2018,6725.032327
ETH,26/08/2018,278.882836
BTC,27/08/2018,6689.822683
ETH,27/08/2018,273.4441079
BTC,28/08/2018,6756.628926
ETH,28/08/2018,280.0060814
BTC,29/08/2018,7084.293617
ETH,29/08/2018,296.4874529
BTC,30/08/2018,7059.231235
ETH,30/08/2018,290.7130769
BTC,31/08/2018,6938.914582
ETH,31/08/2018,283.7533763
BTC,01/09/2018,7028.447312
ETH,01/09/2018,282.252688
BTC,02/09/2018,7198.058436
ETH,02/09/2018,295.2665416
BTC,03/09/2018,7282.858514
ETH,03/09/2018,293.1154634
BTC,04/09/2018,7260.251593
ETH,04/09/2018,288.8294571
BTC,05/09/2018,7361.271864
ETH,05/09/2018,285.7017058
BTC,06/09/2018,6913.115013
ETH,06/09/2018,241.4980125
BTC,07/09/2018,6471.493884
ETH,07/09/2018,227.1030723
BTC,08/09/2018,6400.268706
ETH,08/09/2018,215.9792155
BTC,09/09/2018,6181.744207
ETH,09/09/2018,194.9635634
BTC,10/09/2018,6253.937201
ETH,10/09/2018,194.5894182
BTC,11/09/2018,6275.083132
ETH,11/09/2018,192.4379873
BTC,12/09/2018,6275.669588
ETH,12/09/2018,191.7467557
BTC,13/09/2018,6277.494409
ETH,13/09/2018,191.5202629
BTC,14/09/2018,6283.1842
ETH,14/09/2018,193.7431874
BTC,15/09/2018,6285.982466
ETH,15/09/2018,194.4848772
BTC,16/09/2018,6280.310107
ETH,16/09/2018,194.1911408
BTC,17/09/2018,6281.409356
ETH,17/09/2018,193.7440122
BTC,18/09/2018,6273.220083
ETH,18/09/2018,192.5358077
BTC,19/09/2018,6278.595486
ETH,19/09/2018,193.4390729
BTC,20/09/2018,6282.610727
ETH,20/09/2018,193.3880219
BTC,21/09/2018,6288.07017
ETH,21/09/2018,194.25753
BTC,22/09/2018,6317.699685
ETH,22/09/2018,198.1301307
BTC,23/09/2018,6293.836421
ETH,23/09/2018,194.3920142
BTC,24/09/2018,6289.621327
ETH,24/09/2018,194.4580941
BTC,25/09/2018,6466.994564
ETH,25/09/2018,221.7447447
BTC,26/09/2018,6391.385981
ETH,26/09/2018,209.3312467
BTC,27/09/2018,6509.776621
ETH,27/09/2018,217.8791006
BTC,28/09/2018,6698.416047
ETH,28/09/2018,228.9911605
BTC,29/09/2018,6502.688151
ETH,29/09/2018,217.3480245
BTC,30/09/2018,6576.61432
ETH,30/09/2018,231.306701
BTC,01/10/2018,6647.387947
ETH,01/10/2018,232.950445
BTC,02/10/2018,6603.754342
ETH,02/10/2018,230.3961795
BTC,03/10/2018,6576.354229
ETH,03/10/2018,227.7244629
BTC,04/10/2018,6481.24577
ETH,04/10/2018,219.08526
BTC,05/10/2018,6594.935786
ETH,05/10/2018,222.7394808
BTC,06/10/2018,6630.575297
ETH,06/10/2018,227.7409118
BTC,07/10/2018,6595.260326
ETH,07/10/2018,225.0935629
BTC,08/10/2018,6591.686318
ETH,08/10/2018,224.7099627
BTC,09/10/2018,6662.8685
ETH,09/10/2018,229.6834779
BTC,10/10/2018,6663.021071
ETH,10/10/2018,228.6631765
BTC,11/10/2018,6619.495845
ETH,11/10/2018,226.082983
BTC,12/10/2018,6285.859203
ETH,12/10/2018,198.9386008
BTC,13/10/2018,6309.198921
ETH,13/10/2018,197.1067155
BTC,14/10/2018,6331.131154
ETH,14/10/2018,201.4179528
BTC,15/10/2018,6361.417016
ETH,15/10/2018,199.7879795
BTC,16/10/2018,6721.587503
ETH,16/10/2018,213.3377842
BTC,17/10/2018,6724.833078
ETH,17/10/2018,213.2126115
BTC,18/10/2018,6444.74701
ETH,18/10/2018,203.7579405
BTC,19/10/2018,6374.648863
ETH,19/10/2018,198.4931997
BTC,20/10/2018,6372.686817
ETH,20/10/2018,200.2083266
BTC,21/10/2018,6407.479085
ETH,21/10/2018,202.7111077
BTC,22/10/2018,6412.530491
ETH,22/10/2018,201.9697632
BTC,23/10/2018,6396.880154
ETH,23/10/2018,200.9975754
BTC,24/10/2018,6396.252324
ETH,24/10/2018,201.1292118
BTC,25/10/2018,6407.667175
ETH,25/10/2018,200.4194894
BTC,26/10/2018,6405.500726
ETH,26/10/2018,200.2399671
BTC,27/10/2018,6392.179337
ETH,27/10/2018,200.1886816
BTC,28/10/2018,6429.687141
ETH,28/10/2018,202.7953465
BTC,30/10/2018,6266.189683
ETH,30/10/2018,194.8325478
BTC,31/10/2018,6276.4645
ETH,31/10/2018,195.6592733
BTC,01/11/2018,6321.713671
ETH,01/11/2018,197.04379
BTC,02/11/2018,6341.094813
ETH,02/11/2018,197.6120727
BTC,03/11/2018,6360.141272
ETH,03/11/2018,200.2366085
BTC,04/11/2018,6344.738943
ETH,04/11/2018,198.8207892
BTC,05/11/2018,6405.139755
ETH,05/11/2018,208.8782948
BTC,06/11/2018,6396.352124
ETH,06/11/2018,208.1085442
BTC,07/11/2018,6425.917802
ETH,07/11/2018,217.0567251
BTC,08/11/2018,6514.489453
ETH,08/11/2018,217.3580437
BTC,09/11/2018,6412.524289
ETH,09/11/2018,211.576354
BTC,10/11/2018,6343.632504
ETH,10/11/2018,208.4317284
BTC,11/11/2018,6365.655232
ETH,11/11/2018,211.8943565
BTC,12/11/2018,6327.480646
ETH,12/11/2018,208.7611236
BTC,13/11/2018,6327.154696
ETH,13/11/2018,208.5602524
BTC,14/11/2018,6282.438677
ETH,14/11/2018,204.0936778
BTC,15/11/2018,5524.801093
ETH,15/11/2018,175.0018498
BTC,16/11/2018,5511.152834
ETH,16/11/2018,176.5338295
BTC,17/11/2018,5448.600634
ETH,17/11/2018,170.9644973
BTC,18/11/2018,5497.411279
ETH,18/11/2018,172.4227591
BTC,19/11/2018,5553.014895
ETH,19/11/2018,174.284234
BTC,20/11/2018,4800.342897
ETH,20/11/2018,146.5471692
BTC,21/11/2018,4246.312774
ETH,21/11/2018,125.7555888
BTC,22/11/2018,4478.299558
ETH,22/11/2018,133.282179
BTC,23/11/2018,4405.744031
ETH,23/11/2018,128.1883999
BTC,24/11/2018,4329.91722
ETH,24/11/2018,122.6725869
BTC,25/11/2018,3728.872648
ETH,25/11/2018,110.0448363
BTC,26/11/2018,3951.205029
ETH,26/11/2018,114.1145074
BTC,27/11/2018,3640.557165
ETH,27/11/2018,104.3975846
BTC,28/11/2018,3792.192364
ETH,28/11/2018,110.2687594
BTC,29/11/2018,4174.319972
ETH,29/11/2018,120.0311166
BTC,30/11/2018,4218.608363
ETH,30/11/2018,116.0877313
BTC,01/12/2018,3952.447895
ETH,01/12/2018,111.4911437
BTC,02/12/2018,4178.603828
ETH,02/12/2018,117.6414342
BTC,03/12/2018,4118.518242
ETH,03/12/2018,115.4385357
BTC,04/12/2018,3847.032737
ETH,04/12/2018,108.0357964
BTC,05/12/2018,3889.29212
ETH,05/12/2018,109.0668853
BTC,06/12/2018,3713.573383
ETH,06/12/2018,102.1066863
BTC,07/12/2018,3578.206624
ETH,07/12/2018,92.57817464
BTC,08/12/2018,3391.874146
ETH,08/12/2018,93.27533106
BTC,09/12/2018,3452.616185
ETH,09/12/2018,92.14089242
BTC,10/12/2018,3507.306367
ETH,10/12/2018,92.415549
BTC,11/12/2018,3419.733768
ETH,11/12/2018,89.52455656
BTC,12/12/2018,3360.946628
ETH,12/12/2018,87.34211241
BTC,13/12/2018,3414.833749
ETH,13/12/2018,88.70928092
BTC,14/12/2018,3263.547913
ETH,14/12/2018,84.57517415
BTC,15/12/2018,3212.207081
ETH,15/12/2018,83.36845577
BTC,16/12/2018,3194.962272
ETH,16/12/2018,83.14924108
BTC,17/12/2018,3200.642468
ETH,17/12/2018,84.22103608
BTC,18/12/2018,3478.461203
ETH,18/12/2018,93.14244639
BTC,19/12/2018,3562.894946
ETH,19/12/2018,95.33637204
BTC,20/12/2018,3709.316759
ETH,20/12/2018,100.4732858
BTC,21/12/2018,4065.799953
ETH,21/12/2018,113.2408047
BTC,22/12/2018,3824.739794
ETH,22/12/2018,107.772416
BTC,23/12/2018,3862.726329
ETH,23/12/2018,112.9109053
BTC,24/12/2018,3949.794342
ETH,24/12/2018,129.9295019
BTC,25/12/2018,4054.29626
ETH,25/12/2018,140.9478191
BTC,26/12/2018,3767.350024
ETH,26/12/2018,128.632904
BTC,27/12/2018,3807.153022
ETH,27/12/2018,130.7066629
BTC,28/12/2018,3587.198223
ETH,28/12/2018,114.7827176
BTC,29/12/2018,3865.5293
ETH,29/12/2018,133.4127406
BTC,01/01/2019,3689.56462
ETH,01/01/2019,131.3735702
BTC,02/01/2019,3715.564441
ETH,02/01/2019,137.7276456
BTC,03/01/2019,3882.304754
ETH,03/01/2019,153.9656358
BTC,04/01/2019,3795.592741
ETH,04/01/2019,148.7968733
BTC,05/01/2019,3812.381108
ETH,05/01/2019,152.873631
BTC,06/01/2019,3809.914343
ETH,06/01/2019,155.0953606
BTC,07/01/2019,4014.133187
ETH,07/01/2019,154.580823
BTC,08/01/2019,3989.631741
ETH,08/01/2019,149.6001646
BTC,09/01/2019,3992.986144
ETH,09/01/2019,148.9541572
BTC,10/01/2019,3995.325193
ETH,10/01/2019,149.4467337
BTC,11/01/2019,3617.346291
ETH,11/01/2019,126.5650301
BTC,12/01/2019,3606.16489
ETH,12/01/2019,123.5910351
BTC,13/01/2019,3611.528238
ETH,13/01/2019,123.8033581
BTC,14/01/2019,3497.669392
ETH,14/01/2019,114.9442239
BTC,15/01/2019,3654.347067
ETH,15/01/2019,128.0799992
BTC,16/01/2019,3568.751259
ETH,16/01/2019,118.5098662
BTC,17/01/2019,3593.72174
ETH,17/01/2019,121.9013892
BTC,18/01/2019,3623.717337
ETH,18/01/2019,121.687446
BTC,19/01/2019,3605.855187
ETH,19/01/2019,119.200111
BTC,20/01/2019,3690.908564
ETH,20/01/2019,123.5757733
BTC,21/01/2019,3544.221724
ETH,21/01/2019,117.5549281
BTC,22/01/2019,3528.463529
ETH,22/01/2019,115.7333685
BTC,23/01/2019,3581.551947
ETH,23/01/2019,118.2059598
BTC,24/01/2019,3549.770799
ETH,24/01/2019,116.3314967
BTC,25/01/2019,3562.920476
ETH,25/01/2019,116.1124519
BTC,26/01/2019,3566.666164
ETH,26/01/2019,115.2563719
BTC,27/01/2019,3563.27801
ETH,27/01/2019,115.2436153
BTC,28/01/2019,3539.620947
ETH,28/01/2019,112.6337305
BTC,29/01/2019,3425.262161
ETH,29/01/2019,105.00828
BTC,30/01/2019,3395.018645
ETH,30/01/2019,104.1371894
BTC,31/01/2019,3441.032215
ETH,31/01/2019,107.5714899
BTC,01/02/2019,3420.633227
ETH,01/02/2019,106.1733014
BTC,02/02/2019,3439.805699
ETH,02/02/2019,106.1211666
BTC,03/02/2019,3433.035285
ETH,03/02/2019,106.7283216
BTC,04/02/2019,3404.499313
ETH,04/02/2019,106.0944999
BTC,05/02/2019,3412.230431
ETH,05/02/2019,106.2401879
BTC,06/02/2019,3419.767899
ETH,06/02/2019,105.9936587
BTC,07/02/2019,3367.519032
ETH,07/02/2019,103.9392121
BTC,08/02/2019,3360.534076
ETH,08/02/2019,103.2855553
BTC,09/02/2019,3591.022152
ETH,09/02/2019,116.4289745
BTC,10/02/2019,3617.46468
ETH,10/02/2019,117.848711
BTC,11/02/2019,3621.154003
ETH,11/02/2019,120.3541791
BTC,12/02/2019,3593.183177
ETH,12/02/2019,119.8905691
BTC,13/02/2019,3579.341881
ETH,13/02/2019,120.2123398
BTC,14/02/2019,3569.554833
ETH,14/02/2019,120.4059778
BTC,15/02/2019,3558.396858
ETH,15/02/2019,119.8093875
BTC,16/02/2019,3566.247765
ETH,16/02/2019,120.2850568
BTC,17/02/2019,3596.405191
ETH,17/02/2019,122.2792165
BTC,18/02/2019,3606.151988
ETH,18/02/2019,132.0913764
BTC,19/02/2019,3865.318165
ETH,19/02/2019,142.6179951
BTC,20/02/2019,3904.48292
ETH,20/02/2019,144.1606666
BTC,21/02/2019,3924.739844
ETH,21/02/2019,145.548254
BTC,22/02/2019,3889.758485
ETH,22/02/2019,142.8699894
BTC,23/02/2019,3933.60759
ETH,23/02/2019,146.6658012
BTC,24/02/2019,4105.112759
ETH,24/02/2019,157.0470867
BTC,25/02/2019,3763.620516
ETH,25/02/2019,137.763891
BTC,26/02/2019,3819.865341
ETH,26/02/2019,138.0371413
BTC,27/02/2019,3797.58179
ETH,27/02/2019,135.7434191
BTC,28/02/2019,3772.936335
ETH,28/02/2019,131.6677685
BTC,01/03/2019,3799.678543
ETH,01/03/2019,134.8225062
BTC,02/03/2019,3811.611979
ETH,02/03/2019,135.0662511
BTC,03/03/2019,3804.41917
ETH,03/03/2019,131.3451771
BTC,04/03/2019,3782.664101
ETH,04/03/2019,130.3974612
BTC,05/03/2019,3689.862893
ETH,05/03/2019,124.7250939
BTC,06/03/2019,3832.080885
ETH,06/03/2019,135.000572
BTC,07/03/2019,3848.95637
ETH,07/03/2019,137.084377
BTC,08/03/2019,3859.839983
ETH,08/03/2019,136.8074624
BTC,09/03/2019,3828.371904
ETH,09/03/2019,132.361661
BTC,10/03/2019,3898.86846
ETH,10/03/2019,136.0269174
BTC,11/03/2019,3899.655869
ETH,11/03/2019,135.362074
BTC,12/03/2019,3851.24919
ETH,12/03/2019,132.4076102
BTC,13/03/2019,3866.295946
ETH,13/03/2019,132.8070687
BTC,14/03/2019,3846.274442
ETH,14/03/2019,131.0407794
BTC,15/03/2019,3855.744363
ETH,15/03/2019,131.3672841
BTC,16/03/2019,3892.052301
ETH,16/03/2019,134.9901214
BTC,17/03/2019,3985.851236
ETH,17/03/2019,140.5670429
BTC,18/03/2019,3970.389045
ETH,18/03/2019,138.3158542
BTC,19/03/2019,3974.415764
ETH,19/03/2019,137.3255003
BTC,20/03/2019,3996.037131
ETH,20/03/2019,137.6186421
BTC,21/03/2019,4027.787395
ETH,21/03/2019,138.8187357
BTC,22/03/2019,3974.811429
ETH,22/03/2019,134.8007697
BTC,23/03/2019,3987.305225
ETH,23/03/2019,136.0194987
BTC,24/03/2019,3977.707443
ETH,24/03/2019,136.4499004
BTC,25/03/2019,3968.438701
ETH,25/03/2019,135.3985812
BTC,26/03/2019,3913.781717
ETH,26/03/2019,133.3026314
BTC,27/03/2019,3915.37532
ETH,27/03/2019,133.4910765
BTC,28/03/2019,4018.59051
ETH,28/03/2019,138.0700978
BTC,29/03/2019,4008.370872
ETH,29/03/2019,137.3131883
BTC,30/03/2019,4080.260114
ETH,30/03/2019,141.3032262
BTC,31/03/2019,4081.221605
ETH,31/03/2019,141.9411062
BTC,01/04/2019,4094.704791
ETH,01/04/2019,141.3437324
BTC,02/04/2019,4135.18494
ETH,02/04/2019,141.7132481
BTC,03/04/2019,4818.770635
ETH,03/04/2019,162.4298499
BTC,04/04/2019,5102.150753
ETH,04/04/2019,164.7095956
BTC,05/04/2019,4875.599431
ETH,05/04/2019,157.0412173
BTC,06/04/2019,5030.933271
ETH,06/04/2019,165.9009262
BTC,07/04/2019,5028.321082
ETH,07/04/2019,165.1570911
BTC,08/04/2019,5198.17317
ETH,08/04/2019,173.9915869
BTC,09/04/2019,5260.205043
ETH,09/04/2019,180.2351402
BTC,10/04/2019,5179.997649
ETH,10/04/2019,176.1470907
BTC,11/04/2019,5283.543758
ETH,11/04/2019,176.9719357
BTC,12/04/2019,5049.605824
ETH,12/04/2019,165.644294
BTC,13/04/2019,5077.515864
ETH,13/04/2019,165.238241
BTC,14/04/2019,5066.86704
ETH,14/04/2019,163.5799827
BTC,15/04/2019,5158.387401
ETH,15/04/2019,168.281686
BTC,16/04/2019,5045.675166
ETH,16/04/2019,161.2565404
BTC,17/04/2019,5184.204468
ETH,17/04/2019,165.6484765
BTC,18/04/2019,5220.959934
ETH,18/04/2019,166.3103093
BTC,19/04/2019,5276.558982
ETH,19/04/2019,173.6138263
BTC,20/04/2019,5266.661246
ETH,20/04/2019,173.3950038
BTC,21/04/2019,5292.14833
ETH,21/04/2019,173.2030205
BTC,22/04/2019,5276.558318
ETH,22/04/2019,170.1608503
BTC,23/04/2019,5398.433417
ETH,23/04/2019,172.8128439
BTC,24/04/2019,5552.521911
ETH,24/04/2019,171.8396593
BTC,25/04/2019,5432.991017
ETH,25/04/2019,166.1931802
BTC,26/04/2019,5132.227526
ETH,26/04/2019,154.2475258
BTC,27/04/2019,5151.574528
ETH,27/04/2019,153.9102989
BTC,28/04/2019,5200.193239
ETH,28/04/2019,157.4083036
BTC,29/04/2019,5152.54574
ETH,29/04/2019,154.828085
BTC,30/04/2019,5151.4335
ETH,30/04/2019,153.6813137
BTC,01/05/2019,5277.444469
ETH,01/05/2019,161.2913029
BTC,02/05/2019,5297.942492
ETH,02/05/2019,157.8012726
BTC,03/05/2019,5405.878067
ETH,03/05/2019,160.9700953
BTC,04/05/2019,5697.679054
ETH,04/05/2019,166.1339035
BTC,05/05/2019,5812.331779
ETH,05/05/2019,163.8906998
BTC,06/05/2019,5713.035052
ETH,06/05/2019,162.9348635
BTC,07/05/2019,5706.008421
ETH,07/05/2019,173.605118
BTC,08/05/2019,5899.529693
ETH,08/05/2019,173.8130614
BTC,09/05/2019,5932.441391
ETH,09/05/2019,170.8984032
BTC,10/05/2019,6159.685902
ETH,10/05/2019,170.9917809
BTC,11/05/2019,6387.82945
ETH,11/05/2019,174.1020005
BTC,12/05/2019,7254.805536
ETH,12/05/2019,200.4883684
BTC,13/05/2019,6992.706661
ETH,13/05/2019,188.3712623
BTC,14/05/2019,7906.940835
ETH,14/05/2019,197.3040944
BTC,15/05/2019,7928.417416
ETH,15/05/2019,217.0781324
BTC,16/05/2019,8177.453519
ETH,16/05/2019,246.8264233
BTC,17/05/2019,7820.076243
ETH,17/05/2019,260.3302092
BTC,18/05/2019,7243.650539
ETH,18/05/2019,239.4492649
BTC,19/05/2019,7295.649729
ETH,19/05/2019,238.931991
BTC,20/05/2019,8221.259395
ETH,20/05/2019,263.4469652
BTC,21/05/2019,7917.012499
ETH,21/05/2019,250.0415313
BTC,22/05/2019,7961.128743
ETH,22/05/2019,255.8952567
BTC,23/05/2019,7723.90388
ETH,23/05/2019,246.4173094
BTC,24/05/2019,7903.84691
ETH,24/05/2019,245.987827
BTC,25/05/2019,8038.506791
ETH,25/05/2019,250.5181481
BTC,26/05/2019,8089.570163
ETH,26/05/2019,252.8623843
BTC,27/05/2019,8653.142368
ETH,27/05/2019,264.7384593
BTC,28/05/2019,8800.346606
ETH,28/05/2019,269.1706596
BTC,29/05/2019,8719.331485
ETH,29/05/2019,272.3649993
BTC,30/05/2019,8672.400107
ETH,30/05/2019,270.458631
BTC,31/05/2019,8287.040256
ETH,31/05/2019,253.2695206
BTC,01/06/2019,8513.203882
ETH,01/06/2019,262.6178289
BTC,02/06/2019,8588.479505
ETH,02/06/2019,268.0068681
BTC,03/06/2019,8744.265561
ETH,03/06/2019,269.274568
BTC,04/06/2019,8474.048229
ETH,04/06/2019,257.9038145
BTC,05/06/2019,7645.572514
ETH,05/06/2019,239.0754425
BTC,06/06/2019,7790.321135
ETH,06/06/2019,246.3609228
BTC,07/06/2019,7730.881726
ETH,07/06/2019,243.5358114
BTC,08/06/2019,8030.256079
ETH,08/06/2019,250.9237807
BTC,09/06/2019,7949.425799
ETH,09/06/2019,245.1594275
BTC,10/06/2019,7600.922492
ETH,10/06/2019,229.5070458
BTC,11/06/2019,7954.006238
ETH,11/06/2019,243.6975775
BTC,12/06/2019,7903.62525
ETH,12/06/2019,245.6023534
BTC,13/06/2019,8151.78868
ETH,13/06/2019,257.0824436
BTC,14/06/2019,8256.720099
ETH,14/06/2019,255.8128946
BTC,15/06/2019,8667.787954
ETH,15/06/2019,263.9902062
BTC,16/06/2019,8836.168413
ETH,16/06/2019,268.8329564
BTC,17/06/2019,9061.540461
ETH,17/06/2019,270.7520786
BTC,18/06/2019,9346.975087
ETH,18/06/2019,273.8801723
BTC,19/06/2019,9012.48785
ETH,19/06/2019,263.1083722
BTC,20/06/2019,9259.123638
ETH,20/06/2019,268.6365511
BTC,21/06/2019,9559.900689
ETH,21/06/2019,271.8312145
BTC,22/06/2019,9906.407965
ETH,22/06/2019,291.9443651
BTC,23/06/2019,10461.41217
ETH,23/06/2019,302.005795
BTC,24/06/2019,10843.57097
ETH,24/06/2019,308.2046756
BTC,25/06/2019,10996.45975
ETH,25/06/2019,308.6652726
BTC,26/06/2019,11665.40968
ETH,26/06/2019,316.2122784
BTC,27/06/2019,12444.92586
ETH,27/06/2019,324.1308553
BTC,28/06/2019,11086.26883
ETH,28/06/2019,296.1115559
BTC,29/06/2019,12316.95301
ETH,29/06/2019,309.4092893
BTC,30/06/2019,12024.08097
ETH,30/06/2019,314.0469441
BTC,01/07/2019,10932.31051
ETH,01/07/2019,293.5303669
BTC,02/07/2019,10454.68382
ETH,02/07/2019,289.4528415
BTC,03/07/2019,10800.13014
ETH,03/07/2019,291.4472478
BTC,04/07/2019,11942.24022
ETH,04/07/2019,301.4034854
BTC,05/07/2019,11645.52461
ETH,05/07/2019,293.1470523
BTC,06/07/2019,10946.20905
ETH,06/07/2019,288.0914836
BTC,07/07/2019,11219.046
ETH,07/07/2019,287.2026911
BTC,08/07/2019,11422.11447
ETH,08/07/2019,305.7988739
BTC,09/07/2019,12335.99939
ETH,09/07/2019,313.7779112
BTC,10/07/2019,12575.90407
ETH,10/07/2019,307.7689029
BTC,11/07/2019,12054.18379
ETH,11/07/2019,289.1743327
BTC,12/07/2019,11324.1447
ETH,12/07/2019,267.7342738
BTC,13/07/2019,11802.95996
ETH,13/07/2019,274.6791842
BTC,14/07/2019,11279.60274
ETH,14/07/2019,267.2689248
BTC,15/07/2019,10506.39583
ETH,15/07/2019,236.8879114
BTC,16/07/2019,10934.48274
ETH,16/07/2019,233.0681671
BTC,17/07/2019,9490.410516
ETH,17/07/2019,200.2220044
BTC,18/07/2019,9733.132134
ETH,18/07/2019,212.2264798
BTC,19/07/2019,10603.34887
ETH,19/07/2019,224.2387597
BTC,20/07/2019,10466.26094
ETH,20/07/2019,219.6537524
BTC,21/07/2019,10983.216
ETH,21/07/2019,233.1300975
BTC,22/07/2019,10551.13163
ETH,22/07/2019,225.0877738
BTC,23/07/2019,10285.63923
ETH,23/07/2019,215.9390349
BTC,24/07/2019,10027.53261
ETH,24/07/2019,215.5549595
BTC,25/07/2019,9771.504761
ETH,25/07/2019,215.066558
BTC,26/07/2019,9897.429352
ETH,26/07/2019,219.6820637
BTC,27/07/2019,9812.226351
ETH,27/07/2019,217.9143663
BTC,28/07/2019,9440.140037
ETH,28/07/2019,206.3915854
BTC,29/07/2019,9495.855261
ETH,29/07/2019,207.3703542
BTC,30/07/2019,9506.704273
ETH,30/07/2019,211.6551177
BTC,31/07/2019,9572.735372
ETH,31/07/2019,210.0807134
BTC,01/08/2019,10005.29447
ETH,01/08/2019,216.085927
BTC,02/08/2019,10385.20061
ETH,02/08/2019,217.3123969
BTC,03/08/2019,10513.91147
ETH,03/08/2019,217.5168016
BTC,04/08/2019,10831.25986
ETH,04/08/2019,222.1538141
BTC,05/08/2019,10985.80754
ETH,05/08/2019,222.5023179
BTC,06/08/2019,11811.78705
ETH,06/08/2019,233.0314056
BTC,07/08/2019,11310.18722
ETH,07/08/2019,224.5440763
BTC,08/08/2019,11956.04722
ETH,08/08/2019,225.6844684
BTC,09/08/2019,11817.45548
ETH,09/08/2019,219.2096428
BTC,10/08/2019,11827.57457
ETH,10/08/2019,209.1745628
BTC,11/08/2019,11278.28125
ETH,11/08/2019,205.9151552
BTC,12/08/2019,11485.36578
ETH,12/08/2019,214.8954808
BTC,13/08/2019,11391.96865
ETH,13/08/2019,211.3484238
BTC,14/08/2019,10869.37911
ETH,14/08/2019,206.9961675
BTC,15/08/2019,10211.49858
ETH,15/08/2019,189.687623
BTC,16/08/2019,10386.53955
ETH,16/08/2019,187.9278393
BTC,17/08/2019,10388.45059
ETH,17/08/2019,185.9325033
BTC,18/08/2019,10212.10144
ETH,18/08/2019,186.3736191
BTC,19/08/2019,10335.37284
ETH,19/08/2019,194.7744371
BTC,20/08/2019,10774.81031
ETH,20/08/2019,200.6583914
BTC,21/08/2019,10818.50701
ETH,21/08/2019,198.1378702
BTC,22/08/2019,10064.91679
ETH,22/08/2019,184.8960218
BTC,23/08/2019,10161.16475
ETH,23/08/2019,193.7319852
BTC,24/08/2019,10364.28135
ETH,24/08/2019,193.9669059
BTC,25/08/2019,10171.49746
ETH,25/08/2019,190.798504
BTC,26/08/2019,10068.92242
ETH,26/08/2019,186.1119315
BTC,27/08/2019,10312.21504
ETH,27/08/2019,188.0709594
BTC,28/08/2019,10122.19653
ETH,28/08/2019,185.7509883
BTC,29/08/2019,9743.162051
ETH,29/08/2019,174.0590163
BTC,30/08/2019,9487.976434
ETH,30/08/2019,168.961462
BTC,31/08/2019,9590.736337
ETH,31/08/2019,168.6898906
BTC,01/09/2019,9624.983911
ETH,01/09/2019,172.8455754
BTC,02/09/2019,9780.667897
ETH,02/09/2019,172.0143992
BTC,03/09/2019,10381.85596
ETH,03/09/2019,178.4059547
BTC,04/09/2019,10691.3113
ETH,04/09/2019,180.3972338
BTC,05/09/2019,10555.0469
ETH,05/09/2019,174.3697252
BTC,06/09/2019,10576.31789
ETH,06/09/2019,174.9847095
BTC,07/09/2019,10334.02389
ETH,07/09/2019,169.1709225
BTC,08/09/2019,10495.22736
ETH,08/09/2019,178.6452352
BTC,09/09/2019,10402.79653
ETH,09/09/2019,181.445454
BTC,10/09/2019,10332.94219
ETH,10/09/2019,182.2717701
BTC,11/09/2019,10082.94683
ETH,11/09/2019,179.4033829
BTC,12/09/2019,10152.75298
ETH,12/09/2019,178.3436659
BTC,13/09/2019,10396.7672
ETH,13/09/2019,181.2873036
BTC,14/09/2019,10299.47696
ETH,14/09/2019,180.7958504
BTC,15/09/2019,10351.23202
ETH,15/09/2019,187.4962298
BTC,16/09/2019,10302.19071
ETH,16/09/2019,188.7210222
BTC,17/09/2019,10301.65965
ETH,17/09/2019,197.7618966
BTC,18/09/2019,10231.42151
ETH,18/09/2019,211.8446526
BTC,19/09/2019,10168.28771
ETH,19/09/2019,211.7686705
BTC,20/09/2019,10223.50558
ETH,20/09/2019,220.4508762
BTC,21/09/2019,10138.33521
ETH,21/09/2019,214.5472068
BTC,22/09/2019,9984.520516
ETH,22/09/2019,215.6904162
BTC,23/09/2019,10031.86671
ETH,23/09/2019,210.6311029
BTC,24/09/2019,9719.718696
ETH,24/09/2019,201.7345164
BTC,25/09/2019,8688.973526
ETH,25/09/2019,168.9992628
BTC,26/09/2019,8438.708552
ETH,26/09/2019,169.9438202
BTC,27/09/2019,8103.2109
ETH,27/09/2019,166.6986944
BTC,28/09/2019,8195.210697
ETH,28/09/2019,172.7389316
BTC,29/09/2019,8146.414032
ETH,29/09/2019,172.997552
BTC,30/09/2019,8085.71329
ETH,30/09/2019,171.0073197
BTC,01/10/2019,8241.34147
ETH,01/10/2019,177.9168792
BTC,02/10/2019,8333.68919
ETH,02/10/2019,176.9313026
BTC,03/10/2019,8273.464018
ETH,03/10/2019,178.6122629
BTC,04/10/2019,8203.843833
ETH,04/10/2019,175.1317829
BTC,05/10/2019,8163.902638
ETH,05/10/2019,176.8658985
BTC,06/10/2019,8137.146689
ETH,06/10/2019,176.060443
BTC,07/10/2019,7853.693305
ETH,07/10/2019,169.4697137
BTC,08/10/2019,8236.208379
ETH,08/10/2019,181.4028513
BTC,09/10/2019,8201.637818
ETH,09/10/2019,180.7891908
BTC,10/10/2019,8572.380812
ETH,10/10/2019,193.1512327
BTC,11/10/2019,8582.144518
ETH,11/10/2019,192.1981992
BTC,12/10/2019,8320.171581
ETH,12/10/2019,181.0085295
BTC,13/10/2019,8328.60426
ETH,13/10/2019,180.79133
BTC,14/10/2019,8282.177326
ETH,14/10/2019,181.5366658
BTC,15/10/2019,8337.818999
ETH,15/10/2019,186.1238271
BTC,17/10/2019,8003.820395
ETH,17/10/2019,174.7540832
BTC,18/10/2019,8058.058081
ETH,18/10/2019,176.3901046
BTC,19/10/2019,7970.239476
ETH,19/10/2019,173.7500889
BTC,20/10/2019,7943.347107
ETH,20/10/2019,171.1585128
BTC,21/10/2019,8200.318763
ETH,21/10/2019,174.6693847
BTC,22/10/2019,8200.246099
ETH,22/10/2019,173.7658274
BTC,23/10/2019,8073.409544
ETH,23/10/2019,171.3018586
BTC,24/10/2019,7420.415836
ETH,24/10/2019,159.5431046
BTC,25/10/2019,7460.617416
ETH,25/10/2019,161.0687513
BTC,26/10/2019,8591.223897
ETH,26/10/2019,179.9804506
BTC,27/10/2019,9171.306532
ETH,27/10/2019,177.4139323
BTC,28/10/2019,9578.367556
ETH,28/10/2019,184.9332869
BTC,29/10/2019,9458.22336
ETH,29/10/2019,183.9328016
BTC,30/10/2019,9455.724693
ETH,30/10/2019,192.3885044
BTC,31/10/2019,9225.995479
ETH,31/10/2019,183.3652158
BTC,01/11/2019,9131.41063
ETH,01/11/2019,181.5668036
BTC,02/11/2019,9197.632345
ETH,02/11/2019,182.8739795
BTC,03/11/2019,9290.896602
ETH,03/11/2019,182.853304
BTC,04/11/2019,9202.415451
ETH,04/11/2019,182.2438145
BTC,05/11/2019,9369.628081
ETH,05/11/2019,185.3686817
BTC,06/11/2019,9326.599624
ETH,06/11/2019,188.8571937
BTC,07/11/2019,9335.752402
ETH,07/11/2019,191.0586073
BTC,08/11/2019,9226.485821
ETH,08/11/2019,187.0749396
BTC,09/11/2019,8794.358645
ETH,09/11/2019,184.4694667
BTC,10/11/2019,8798.042055
ETH,10/11/2019,185.1915992
BTC,11/11/2019,9081.186878
ETH,11/11/2019,189.7227333
BTC,12/11/2019,8711.534339
ETH,12/11/2019,185.359517
BTC,13/11/2019,8760.892718
ETH,13/11/2019,186.3251476
BTC,14/11/2019,8749.520591
ETH,14/11/2019,187.251114
BTC,15/11/2019,8656.970922
ETH,15/11/2019,184.8074617
BTC,16/11/2019,8500.643558
ETH,16/11/2019,180.724972
BTC,17/11/2019,8469.260899
ETH,17/11/2019,182.1067434
BTC,18/11/2019,8537.339652
ETH,18/11/2019,184.192142
BTC,19/11/2019,8205.806366
ETH,19/11/2019,178.4221817
BTC,20/11/2019,8118.488536
ETH,20/11/2019,175.5936935
BTC,21/11/2019,8074.843174
ETH,21/11/2019,174.7796504
BTC,22/11/2019,7612.740574
ETH,22/11/2019,160.5179612
BTC,23/11/2019,7262.110535
ETH,23/11/2019,149.5245322
BTC,24/11/2019,7303.405759
ETH,24/11/2019,152.136245
BTC,25/11/2019,7041.732936
ETH,25/11/2019,144.315288
BTC,26/11/2019,7211.861809
ETH,26/11/2019,146.9818122
BTC,27/11/2019,7141.069449
ETH,27/11/2019,148.0068818
BTC,28/11/2019,7523.480673
ETH,28/11/2019,152.957277
BTC,29/11/2019,7390.207469
ETH,29/11/2019,150.4119794
BTC,30/11/2019,7729.265939
ETH,30/11/2019,153.6738095
BTC,01/12/2019,7542.235609
ETH,01/12/2019,151.655424
BTC,02/12/2019,7381.963008
ETH,02/12/2019,151.5529038
BTC,03/12/2019,7333.43293
ETH,03/12/2019,149.4546547
BTC,04/12/2019,7315.367765
ETH,04/12/2019,147.8113219
BTC,05/12/2019,7213.733762
ETH,05/12/2019,145.6033386
BTC,06/12/2019,7398.78705
ETH,06/12/2019,147.8270036
BTC,07/12/2019,7511.880583
ETH,07/12/2019,148.6504041
BTC,08/12/2019,7532.123513
ETH,08/12/2019,147.8712516
BTC,09/12/2019,7550.2392
ETH,09/12/2019,151.4106799
BTC,10/12/2019,7333.096043
ETH,10/12/2019,147.1595339
BTC,11/12/2019,7239.762575
ETH,11/12/2019,145.797319
BTC,12/12/2019,7198.066677
ETH,12/12/2019,143.0108044
BTC,13/12/2019,7190.272369
ETH,13/12/2019,144.5101037
BTC,14/12/2019,7238.874323
ETH,14/12/2019,144.4855855
BTC,15/12/2019,7087.024985
ETH,15/12/2019,142.0555393
BTC,16/12/2019,7112.731476
ETH,16/12/2019,142.6819305
BTC,17/12/2019,6883.496394
ETH,17/12/2019,132.3435787
BTC,18/12/2019,6584.028843
ETH,18/12/2019,120.8798162
BTC,19/12/2019,7424.0154
ETH,19/12/2019,133.8778331
BTC,20/12/2019,7147.568324
ETH,20/12/2019,127.2736814
BTC,21/12/2019,7139.933371
ETH,21/12/2019,127.3752755
BTC,22/12/2019,7286.335081
ETH,22/12/2019,129.8708364
BTC,23/12/2019,7236.986205
ETH,23/12/2019,128.9106173
BTC,24/12/2019,7166.172379
ETH,24/12/2019,125.0138244
BTC,25/12/2019,7235.62665
ETH,25/12/2019,128.0056504
BTC,26/12/2019,7212.809395
ETH,26/12/2019,125.3335416
BTC,27/12/2019,7183.706536
ETH,27/12/2019,125.2582993
BTC,28/12/2019,7227.293712
ETH,28/12/2019,126.1492139
BTC,29/12/2019,7311.560644
ETH,29/12/2019,128.0111453
BTC,30/12/2019,7385.464848
ETH,30/12/2019,134.768035
BTC,31/12/2019,7251.276794
ETH,31/12/2019,132.0730737
BTC,01/01/2020,7179.957819
ETH,01/01/2020,128.7226035
BTC,02/01/2020,7174.744012
ETH,02/01/2020,129.8873633
BTC,03/01/2020,6955.48758
ETH,03/01/2020,127.0556009
BTC,04/01/2020,7291.219505
ETH,04/01/2020,132.9708332
BTC,05/01/2020,7337.63667
ETH,05/01/2020,133.8206207
BTC,06/01/2020,7347.433264
ETH,06/01/2020,134.8342522
BTC,07/01/2020,7713.860754
ETH,07/01/2020,143.1316009
BTC,08/01/2020,8039.603701
ETH,08/01/2020,142.133414
BTC,09/01/2020,8067.606369
ETH,09/01/2020,140.3393937
BTC,10/01/2020,7808.701364
ETH,10/01/2020,137.494999
BTC,11/01/2020,8087.452885
ETH,11/01/2020,142.8347834
BTC,12/01/2020,8078.993532
ETH,12/01/2020,143.0715916
BTC,13/01/2020,8149.313717
ETH,13/01/2020,145.2809937
BTC,14/01/2020,8116.961008
ETH,14/01/2020,143.936917
BTC,15/01/2020,8735.142439
ETH,15/01/2020,163.8546315
BTC,16/01/2020,8843.675732
ETH,16/01/2020,166.5383399
BTC,17/01/2020,8711.637578
ETH,17/01/2020,163.9372081
BTC,18/01/2020,8925.299028
ETH,18/01/2020,171.5889768
BTC,19/01/2020,8939.8643
ETH,19/01/2020,176.700434
BTC,20/01/2020,8638.18144
ETH,20/01/2020,166.0633101
BTC,21/01/2020,8652.683763
ETH,21/01/2020,167.5725368
BTC,22/01/2020,8708.786013
ETH,22/01/2020,169.0544916
BTC,23/01/2020,8635.074357
ETH,23/01/2020,167.1518345
BTC,24/01/2020,8384.088777
ETH,24/01/2020,162.6714167
BTC,25/01/2020,8451.232296
ETH,25/01/2020,162.8065224
BTC,26/01/2020,8347.567505
ETH,26/01/2020,160.9178681
BTC,27/01/2020,8562.30747
ETH,27/01/2020,166.7218659
BTC,28/01/2020,8881.962391
ETH,28/01/2020,169.8001126
BTC,29/01/2020,9131.114988
ETH,29/01/2020,173.5481484
BTC,30/01/2020,9320.978406
ETH,30/01/2020,175.4603221
BTC,31/01/2020,9545.077957
ETH,31/01/2020,186.2620414
BTC,01/02/2020,9388.880752
ETH,01/02/2020,181.7284342
BTC,02/02/2020,9363.193383
ETH,02/02/2020,182.7739889
BTC,03/02/2020,9385.260386
ETH,03/02/2020,189.3125531
BTC,04/02/2020,9269.707035
ETH,04/02/2020,189.2575929
BTC,05/02/2020,9177.894637
ETH,05/02/2020,188.6750822
BTC,06/02/2020,9625.456637
ETH,06/02/2020,204.5305348
BTC,07/02/2020,9681.377411
ETH,07/02/2020,211.2924866
BTC,08/02/2020,9795.344066
ETH,08/02/2020,221.8331394
BTC,09/02/2020,9927.778256
ETH,09/02/2020,224.0294272
BTC,10/02/2020,10132.7065
ETH,10/02/2020,228.044309
BTC,11/02/2020,9838.900016
ETH,11/02/2020,223.3196378
BTC,12/02/2020,10236.63515
ETH,12/02/2020,237.8783455
BTC,13/02/2020,10364.92629
ETH,13/02/2020,268.3962677
BTC,14/02/2020,10218.09974
ETH,14/02/2020,266.2518149
BTC,15/02/2020,10367.528
ETH,15/02/2020,284.0004909
BTC,16/02/2020,9926.353691
ETH,16/02/2020,267.3531863
BTC,17/02/2020,9876.234963
ETH,17/02/2020,255.3551842
BTC,18/02/2020,9636.624095
ETH,18/02/2020,261.1372307
BTC,19/02/2020,10189.99598
ETH,19/02/2020,281.3812072
BTC,20/02/2020,9701.037191
ETH,20/02/2020,265.1448245
BTC,21/02/2020,9631.484946
ETH,21/02/2020,259.7141345
BTC,22/02/2020,9670.858654
ETH,22/02/2020,263.949385
BTC,23/02/2020,9689.086743
ETH,23/02/2020,262.5732338
BTC,24/02/2020,9919.551448
ETH,24/02/2020,272.8428067
BTC,25/02/2020,9640.469505
ETH,25/02/2020,263.8974852
BTC,26/02/2020,9392.869629
ETH,26/02/2020,251.9396762
BTC,27/02/2020,8787.978363
ETH,27/02/2020,225.6910701
BTC,28/02/2020,8784.995352
ETH,28/02/2020,228.5854083
BTC,29/02/2020,8778.470511
ETH,29/02/2020,229.7854128
BTC,01/03/2020,8639.591417
ETH,01/03/2020,223.499288
BTC,02/03/2020,8548.948322
ETH,02/03/2020,218.777736
BTC,03/03/2020,8923.044398
ETH,03/03/2020,230.812952
BTC,04/03/2020,8791.112058
ETH,04/03/2020,224.6566351
BTC,05/03/2020,8756.961062
ETH,05/03/2020,223.5277347
BTC,06/03/2020,9078.578777
ETH,06/03/2020,229.4143467
BTC,07/03/2020,9126.636822
ETH,07/03/2020,240.4900817
BTC,08/03/2020,8925.213488
ETH,08/03/2020,240.5548524
BTC,09/03/2020,8166.313894
ETH,09/03/2020,204.4108196
BTC,10/03/2020,7875.750875
ETH,10/03/2020,198.9773509
BTC,11/03/2020,7959.228274
ETH,11/03/2020,203.1258772
BTC,12/03/2020,7955.306284
ETH,12/03/2020,194.427784
BTC,13/03/2020,5800.208905
ETH,13/03/2020,127.2928962
BTC,14/03/2020,5672.681201
ETH,14/03/2020,134.8210288
BTC,15/03/2020,5304.149952
ETH,15/03/2020,124.9746147
BTC,16/03/2020,5355.187374
ETH,16/03/2020,123.7851093
BTC,17/03/2020,4944.702336
ETH,17/03/2020,107.8983448
BTC,18/03/2020,5465.582594
ETH,18/03/2020,118.3424036
BTC,19/03/2020,5363.822853
ETH,19/03/2020,116.6065978
BTC,20/03/2020,6301.063404
ETH,20/03/2020,140.8145457
BTC,21/03/2020,6185.279839
ETH,21/03/2020,131.753158
BTC,22/03/2020,6187.05375
ETH,22/03/2020,133.0816861
BTC,23/03/2020,5884.340133
ETH,23/03/2020,123.2739472
BTC,24/03/2020,6455.454688
ETH,24/03/2020,133.5701414
BTC,25/03/2020,6784.318011
ETH,25/03/2020,140.1136999
BTC,26/03/2020,6706.985089
ETH,26/03/2020,136.2496619
BTC,27/03/2020,6721.495392
ETH,27/03/2020,136.6194963
BTC,28/03/2020,6682.780049
ETH,28/03/2020,137.3184524
BTC,29/03/2020,6229.488343
ETH,29/03/2020,131.2719317
BTC,30/03/2020,5922.489835
ETH,30/03/2020,125.7283385
BTC,31/03/2020,6483.739446
ETH,31/03/2020,133.7604753
BTC,01/04/2020,6446.421347
ETH,01/04/2020,133.8929306
BTC,02/04/2020,6537.336462
ETH,02/04/2020,133.6525611
BTC,03/04/2020,6850.558712
ETH,03/04/2020,142.5059265
BTC,04/04/2020,6776.370094
ETH,04/04/2020,141.9206657
